Griffith Summers,Reed@rutrum.gov,624-642-3332,Philadelphia,1765848843,sodales dictum nec ultrices mi placerat sodales justo facilisi scelerisque mattis ullamcorper nisi habitant In facilisis commodo ultricies scelerisque mollis Cum dictum varius dis Fusce facilisis lectus diam dictum tortor
Margaret Tyler,Blake@sociis.net,895-017-0399,Fountain Valley,1739964008,Curae varius mattis nostra urna sociis ridiculus Aenean massa conubia at dictum magna mi mauris Pellentesque eu tortor felis vitae tempor
Keefe Hansen,Jelani@sodales.net,765-474-9446,Detroit,1748327646,non tempus penatibus mus mauris litora
Echo Battle,Thaddeus@nunc.gov,395-944-7604,West Covina,1747286876,Suspendisse sociosqu dictum sociosqu eleifend consectetuer cubilia rutrum rhoncus feugiat lobortis et torquent penatibus ullamcorper eu enim malesuada Lorem dis
Bruce Daniel,Nash@tempor.us,847-239-5187,Brownsville,1759024289,aptent eu at pellentesque ac dictum dictum Nullam porttitor eget
Zeus Munoz,Vielka@justo.org,084-963-9041,Wisconsin Rapids,1740993181,ut nec sodales venenatis venenatis lacus odio Integer auctor non erat suscipit fames lacinia nascetur
Kirestin Washington,Liberty@erat.com,862-449-9326,Woburn,1754751469,mus mauris feugiat elit cubilia luctus fringilla Lorem nonummy massa tortor Pellentesque bibendum accumsan natoque magna leo sit iaculis mauris venenatis eget Maecenas Aliquam nulla blandit netus natoque Morbi sociosqu vulputate Duis ante facilisis auctor lacinia Cum
Lareina Rogers,Venus@tincidunt.org,982-913-8892,Baton Rouge,1754490212,feugiat pharetra Nam inceptos dis ante ut arcu metus dignissim dolor quam neque nisi morbi euismod ligula aliquet diam Praesent gravida Nulla lorem hendrerit massa elit scelerisque habitant
Kerry Lambert,Haviva@Nam.net,654-616-5289,Rohnert Park,1754783112,bibendum Maecenas euismod sed Curabitur sollicitudin sodales nunc hendrerit primis arcu lacus Nulla Proin nunc conubia pretium feugiat conubia ad nascetur lorem Proin Class Aliquam lorem tellus inceptos est auctor Curae magnis Fusce tristique nulla nulla In ut id ultrices penatibus ullamcorper at nonummy
Calista Kim,Allen@Duis.us,039-452-4963,Enid,1764297053,pharetra rhoncus neque tempus ipsum elementum ut
Orson Soto,Renee@a.gov,408-870-3167,Santa Barbara,1765792810,vitae est Suspendisse eros Morbi varius Nunc magnis id condimentum Maecenas parturient est Quisque primis ipsum lorem ligula elementum senectus primis Curabitur massa venenatis nec posuere venenatis facilisis nisl neque pretium Class egestas consectetuer lorem volutpat Lorem Cras Sed enim Etiam augue penatibus Suspendisse leo augue Proin diam
Nina Haynes,Vernon@gravida.gov,738-980-0500,Harrisburg,1766567474,nibh litora odio sagittis congue in montes posuere sollicitudin malesuada faucibus Morbi erat at non pede mus laoreet Praesent Pellentesque netus dignissim a cursus urna sem eu tincidunt pellentesque habitant pretium Cum sodales diam posuere ad cubilia amet magnis feugiat a Lorem nunc
Branden York,Miriam@faucibus.gov,179-990-6879,Arcadia,1755817115,est dapibus adipiscing et erat nisi sed porta Donec
Kareem Price,Rahim@augue.com,853-337-4004,Parma,1749881341,faucibus porttitor egestas dapibus Nulla erat cursus
Carson Mejia,Maxwell@pulvinar.edu,702-816-4032,Nogales,1750322371,elit elementum sollicitudin
Carson Woodard,Victor@purus.com,750-710-3267,Detroit,1741884371,torquent sociis diam vel aptent quis est cubilia dui Fusce auctor molestie lorem sem aptent sit natoque tellus Nunc
Mari Payne,Dillon@justo.net,806-827-4809,Yonkers,1736193324,elit sagittis Nulla aliquet at primis consectetuer placerat Duis netus torquent suscipit nibh facilisi hendrerit tellus diam senectus scelerisque Morbi Integer montes odio a adipiscing metus vestibulum ipsum
Madeline Nichols,Ramona@ante.net,856-529-7159,Garland,1758129857,justo purus laoreet hendrerit augue urna rhoncus turpis mattis commodo Praesent consectetuer metus velit suscipit et consectetuer blandit hymenaeos Suspendisse molestie Praesent lacus nibh eu mattis risus In velit morbi mollis pharetra ad lacinia
Colt Cotton,Otto@lacinia.gov,918-364-5934,Tok,1746507735,placerat dolor senectus Quisque viverra laoreet
Chester Chandler,Cara@dignissim.org,188-379-5686,Baton Rouge,1766852385,Duis Vestibulum interdum Nullam eu Cum neque eget pellentesque Duis fermentum magna dignissim eget metus pede sem arcu mollis Class volutpat dignissim Maecenas
Ila Meyers,Garth@sed.org,173-646-5579,Areceibo,1736328015,convallis ultricies Nullam molestie tincidunt aliquam quis lacus sapien Curabitur facilisis pellentesque laoreet auctor habitant fames vitae Cum nisi vulputate Nunc aliquam rutrum Vestibulum morbi risus a Aenean sollicitudin Vestibulum sem non dolor laoreet congue ridiculus velit sed ligula eget dignissim ad Proin Curabitur Vestibulum ullamcorper blandit vel
Maile Warner,Ezekiel@per.gov,118-584-6615,Chicago Heights,1746969551,Lorem cursus Vivamus malesuada neque dui fames condimentum consequat Phasellus
Christopher Bauer,Abbot@eleifend.edu,860-842-8842,Cody,1752480912,porta placerat mus ipsum
Knox Norton,Phillip@Phasellus.edu,347-713-0944,Bay City,1745752144,nonummy Pellentesque Maecenas Curabitur faucibus tortor Praesent mattis non non magna sociis dignissim montes eros Cum mattis velit turpis Class varius libero lorem ante Aenean hymenaeos consectetuer et In magna mus montes Curae
Kaseem Stevenson,Naomi@facilisis.us,055-966-2583,Moraga,1754628775,pellentesque tellus Cum aliquam
Jada Cleveland,Prescott@blandit.gov,670-892-7514,Hope,1759891795,magnis magna suscipit Aenean vehicula mi et fringilla Pellentesque montes eros libero felis lacinia pellentesque nulla sociosqu Etiam ac penatibus Praesent Suspendisse primis Class amet lacus vitae tempus congue varius metus dis consectetuer hymenaeos rhoncus nec imperdiet hymenaeos massa
Jillian Fuller,Penelope@dapibus.edu,397-299-0461,Nome,1752218477,fames mattis aliquam cursus Curabitur ullamcorper malesuada rutrum sed sagittis
Price Mullins,Sawyer@Nullam.com,960-389-2850,Garland,1767113793,euismod facilisis pede In molestie Nam Curae adipiscing cubilia dapibus nibh Sed viverra scelerisque dictum commodo montes porttitor magna Vivamus id Maecenas erat fermentum Suspendisse nisl Donec cubilia viverra Vivamus Aliquam ornare vehicula sit ridiculus Class vitae In
Bernard Langley,Angelica@mi.net,262-317-6983,Tulsa,1762135415,conubia Curae felis rhoncus luctus luctus erat ullamcorper Donec quis Donec lorem imperdiet blandit vestibulum nibh ac sagittis eleifend malesuada dapibus sapien orci tincidunt varius mauris Aenean nunc rhoncus lacinia Praesent
Jordan Anthony,Iola@nibh.org,956-791-9458,Stafford,1748605698,lobortis Morbi gravida leo sollicitudin libero Nam Sed rutrum nec primis interdum tellus taciti quis lectus lobortis facilisis consectetuer eros dui a taciti amet fames tellus ad fames Cum bibendum feugiat morbi
Brynn Harrison,Dante@porta.com,510-001-6923,Rocky Mount,1736753176,quis conubia faucibus Morbi Etiam ante montes rhoncus neque mollis enim malesuada nulla erat ornare
Ethan Combs,Ronan@nisl.com,575-042-2811,Spokane Valley,1748254914,Cum ad sociosqu lorem inceptos sodales sodales eleifend nulla eu
Henry Berg,Emma@lorem.gov,646-156-7146,Ocean City,1753484083,venenatis a tempus netus amet at Sed torquent ornare Etiam Integer Curabitur ac nisl dignissim sollicitudin dictum aptent at aptent interdum Pellentesque Fusce hendrerit lacus sodales Phasellus consectetuer litora ultrices vulputate Ut aptent
Deirdre Holmes,Raja@faucibus.net,337-395-9014,Birmingham,1757618974,Duis bibendum Maecenas elementum pellentesque orci inceptos per massa erat eleifend tortor vehicula natoque
Maia Sheppard,Berk@non.com,567-204-5274,Gatlinburg,1749741922,Nunc parturient parturient Curae nibh venenatis metus sagittis pellentesque Proin pede congue non justo libero ante nascetur a senectus metus aliquet In Proin pretium justo felis scelerisque cursus In sed egestas elementum interdum facilisi pellentesque accumsan nisi facilisi tristique est diam Pellentesque nisl morbi facilisi est litora Proin malesuada
Joelle Crosby,Iliana@fames.com,461-485-2539,Altoona,1738796670,quam commodo aptent nulla cursus mi sollicitudin dapibus taciti metus ullamcorper litora tempus eu
Wyatt Ware,Meghan@facilisi.edu,543-808-2811,El Monte,1739216467,dui iaculis enim tempus pellentesque pellentesque tristique auctor Lorem ante elit Cras Vivamus montes nonummy leo varius eu auctor iaculis aliquet scelerisque vitae auctor mattis ultricies fringilla ante Ut tortor Nulla velit turpis imperdiet vitae egestas
Holly Guerra,Audrey@eget.edu,981-014-3047,Highland Park,1762327272,netus Cum sociosqu nostra porta senectus sit Fusce purus congue in Cras dui Fusce metus nibh convallis montes elementum gravida diam per justo luctus nunc per lobortis venenatis Integer sociosqu
Kirby Jensen,Leila@taciti.org,070-499-3376,Warner Robins,1738844352,dictum nisi placerat turpis malesuada ultricies amet ligula nonummy arcu felis consequat eu Integer enim metus ornare adipiscing Cum hendrerit Mauris egestas
Tad Carver,Sharon@netus.us,558-352-1807,West Springfield,1765948986,ullamcorper ante Praesent luctus lacinia volutpat Donec suscipit vehicula Integer porttitor sodales Pellentesque fames ultricies neque hendrerit auctor hymenaeos est varius pretium nunc sapien elit sodales arcu Integer nulla odio Mauris luctus Curabitur hymenaeos pharetra molestie nec velit dui Morbi venenatis dis pretium nulla Nam
Macy Wade,Kiara@vitae.net,524-349-0859,Brooklyn Park,1754070756,Fusce enim blandit Aenean Lorem netus Nullam lacinia semper placerat ornare dictum mus eros sem Donec nostra Duis In sed Quisque nibh metus neque Praesent
Blake Wilder,Rose@rutrum.net,966-420-6486,Lafayette,1758777206,Duis mus pellentesque at Lorem molestie mi Duis vulputate hendrerit lacus mi eget
Cole Hays,Imani@hymenaeos.edu,498-106-4536,Sault Ste. Marie,1739634780,euismod vitae nonummy Morbi massa elementum hymenaeos sit diam mauris interdum elit facilisis aptent In pellentesque varius Morbi sapien Curabitur Pellentesque Donec auctor elementum aliquet accumsan tempor Mauris Curae taciti Integer Praesent Aliquam turpis vulputate lobortis litora In
Chaim Barr,Phelan@eros.com,387-726-8740,Palm Springs,1740503018,vitae commodo per egestas Curae tristique faucibus commodo purus dignissim ultrices volutpat sagittis Suspendisse nisi vulputate lobortis sagittis eu euismod odio Sed Curabitur Nam adipiscing metus parturient metus cubilia penatibus consequat Nullam vestibulum laoreet
Margaret Bradshaw,Quentin@dapibus.net,203-616-6906,Charleston,1743373140,Lorem primis ac Integer rutrum cubilia Integer mollis hendrerit ad id semper Phasellus fringilla volutpat dignissim imperdiet convallis gravida fringilla Lorem pede egestas elementum rutrum venenatis venenatis lorem faucibus hendrerit velit libero leo habitant netus vel eu nisi erat Nam quam Phasellus
Sheila William,Rigel@varius.net,984-791-9727,Calabasas,1760012231,luctus porttitor tristique cubilia est feugiat Phasellus feugiat magna In odio inceptos sociis urna leo vel gravida per Etiam ac nunc molestie hendrerit nisi montes habitant scelerisque non lorem vel rutrum massa Vestibulum Etiam dui quam at conubia
Nigel Dale,Gannon@ipsum.com,348-608-1121,Columbia,1754453976,montes pulvinar elit ad pretium Suspendisse bibendum pellentesque netus sociis et
Bell Hensley,Regina@ante.us,036-645-2059,Oil City,1746672917,ultrices magna facilisi Duis varius et aliquam pretium vel aptent Curae Curae ut arcu metus dui Phasellus ultricies mus aliquet egestas rutrum convallis vestibulum pede dolor a tempus Nullam nibh mollis varius erat fermentum feugiat Proin Curabitur rhoncus dignissim mattis pulvinar venenatis venenatis aptent fames litora arcu a pede dapibus
Derek Sharp,Raya@lobortis.com,815-071-8543,Tulsa,1736790061,neque dolor nibh mauris odio sapien nisl Nam dis mauris Nulla gravida
Aladdin Guzman,Dora@tempor.us,641-073-4986,Tuscaloosa,1752624666,Integer Phasellus In lorem
Brynn Gilliam,Shaeleigh@Curae.edu,833-833-4737,Springfield,1764124275,hendrerit Lorem facilisis non imperdiet Vestibulum porttitor volutpat vestibulum ut adipiscing condimentum sit purus lectus porta vulputate rhoncus augue tempus malesuada morbi Quisque odio libero suscipit quis In nostra lacinia tortor Praesent non inceptos Duis
Quamar Herrera,Kyla@ultricies.com,879-494-3736,Owensboro,1748205336,conubia Nam diam Donec lectus accumsan lectus fermentum porttitor est hendrerit
Colleen Crawford,Gareth@blandit.gov,851-643-5844,Savannah,1754633692,mattis Donec ullamcorper elit fames eleifend purus montes Vivamus vestibulum suscipit pellentesque vel congue convallis sociosqu elit facilisi Class Curabitur malesuada viverra In mus sociis vehicula venenatis Nullam dolor nascetur Vivamus In blandit Mauris bibendum cursus lorem tempus Quisque lectus eros erat a pede
Mira Alvarado,Lacey@sagittis.net,917-380-9077,Redlands,1736358406,convallis senectus magnis tempus scelerisque et Ut condimentum elementum fermentum viverra in interdum suscipit Integer tristique dictum Vestibulum consectetuer adipiscing at turpis in aptent aliquet lobortis Lorem velit mauris Duis sociosqu massa interdum velit tincidunt Quisque nulla erat metus elit erat mi enim conubia
Sophia Welch,Alexis@ligula.com,972-011-8565,Kansas City,1764470041,sem pulvinar placerat orci
Norman Jensen,Meredith@habitant.com,282-019-3802,Simi Valley,1759985571,eu lorem Morbi convallis fermentum cubilia semper Phasellus nostra elementum cubilia tortor vel suscipit pharetra eu In lacinia dictum lectus morbi erat dolor tempor risus eros litora Integer accumsan est lobortis Nullam quis elit sem tellus scelerisque eros ante nisl facilisi Class Fusce magna imperdiet non velit facilisis non Ut
Troy Stevens,Todd@bibendum.gov,730-631-5755,Lawrenceville,1742071885,non Fusce placerat lorem natoque sollicitudin arcu Phasellus eleifend arcu viverra ut ante montes litora felis Nam ultrices posuere torquent per Nullam congue ridiculus elementum Proin Quisque dignissim montes Proin eget Nam gravida
Meghan Marsh,Declan@vehicula.net,205-763-1585,Knoxville,1765176843,dictum elementum pulvinar natoque scelerisque Class egestas quam id facilisis diam congue ornare arcu viverra nibh litora Cum
Blythe Hensley,Rhea@justo.com,565-319-2910,Charlottesville,1766467508,Aenean ultrices conubia porttitor hendrerit nunc metus facilisi ultricies Class fringilla Nam hendrerit dis purus tristique a malesuada dignissim fames aptent neque felis magna habitant amet eu Etiam hendrerit accumsan Fusce
Danielle Mooney,Stephanie@tempus.net,261-202-8636,Beacon,1740025174,odio Curabitur condimentum laoreet scelerisque
Benjamin Huff,Francesca@facilisis.net,207-410-1705,Milford,1740879491,sed rhoncus Proin pharetra
Asher Stout,Joshua@fermentum.edu,237-640-3586,Mason City,1766674047,quam at Curabitur vulputate Aenean et consequat
Joy Palmer,Chaney@nostra.us,599-309-6379,College Station,1753572252,nibh dis posuere pretium Morbi neque amet elit amet dignissim consectetuer porta Proin sollicitudin convallis quam molestie faucibus lacinia Nulla magnis tempor
Darrel Price,Cleo@Integer.us,897-560-8089,North Tonawanda,1745410337,lacinia Nunc vestibulum massa ridiculus Cras lacus consequat id pretium pede dapibus auctor taciti primis nascetur gravida penatibus euismod Praesent malesuada Curabitur lorem Nam penatibus vestibulum pede lacus Pellentesque mi mi viverra
Ocean Bentley,Fritz@senectus.gov,207-974-7657,New Rochelle,1755197425,dictum semper semper taciti Quisque nostra litora interdum dignissim tortor rhoncus massa sociosqu non sit Maecenas pellentesque lacinia laoreet ut semper sem amet Lorem ut scelerisque Etiam eu turpis ut imperdiet eu massa consectetuer ante odio Curabitur Nunc Pellentesque sed eu tristique netus dignissim eu habitant convallis eros
Elliott Wyatt,Odette@Aenean.com,764-812-7599,Catskill,1752558296,et Pellentesque mauris a a nisl Cras scelerisque malesuada sociosqu
Ina Dillard,Steven@Vestibulum.com,115-432-9537,Plainfield,1754729233,gravida dui aliquet turpis mi
Hayfa Bowman,Neville@In.org,390-115-6518,Nampa,1766469761,hymenaeos scelerisque pharetra nisi nonummy
Ulric Erickson,Richard@orci.net,237-072-5917,San Francisco,1756661872,Morbi laoreet dapibus placerat facilisis lectus suscipit ligula Vestibulum nunc semper nunc velit mattis lacinia erat Aenean rutrum nec volutpat sit Cum Vestibulum eu libero ante ante lacinia semper porttitor
Ignatius Hall,Carl@interdum.us,760-320-0182,Warren,1745236764,sit volutpat Vivamus libero natoque volutpat varius mattis per in vitae dis facilisi Donec nulla imperdiet Nullam massa Nullam iaculis lacus penatibus varius malesuada magnis taciti ad vel ad cursus pharetra molestie Ut malesuada Aliquam pharetra Class placerat
Daquan Roberts,Aidan@pretium.com,134-347-2568,Stafford,1749637337,blandit condimentum orci Aenean rutrum Pellentesque velit accumsan rutrum Praesent sed in laoreet pulvinar pretium nisi dignissim a diam conubia fames Curae auctor
Darryl Peters,Fletcher@dolor.us,765-633-6107,Bossier City,1743134065,nunc volutpat senectus nibh mus vel placerat auctor Nulla senectus tristique sed porta lorem sem placerat semper nibh nisi dapibus eros dignissim mi fames Maecenas sapien vulputate feugiat congue pretium scelerisque fringilla urna turpis sociosqu eros ligula primis ad Cum adipiscing
Fulton Kaufman,Doris@inceptos.us,583-726-6200,St. Marys,1766139490,viverra ut justo egestas quam penatibus Suspendisse velit laoreet sociis mollis Vivamus Fusce natoque fermentum facilisis nec vel Proin massa neque convallis a Nam at egestas Quisque suscipit turpis gravida eget purus gravida quam ac Nulla sem felis luctus erat ornare
Ella Wright,Noel@vel.com,392-001-5002,Fort Worth,1766978104,iaculis magna conubia Nunc Praesent semper facilisis Fusce ut commodo ornare fermentum sapien sollicitudin tempor mauris Curabitur lobortis adipiscing ipsum sollicitudin porttitor Curabitur dapibus hendrerit hymenaeos Pellentesque porttitor dis natoque scelerisque lacus risus volutpat interdum netus Donec libero consectetuer Aenean Fusce
Danielle Snyder,Jameson@auctor.gov,887-868-4283,Oneida,1756260066,tempus congue litora dignissim sit nunc viverra Vestibulum vehicula felis sociis adipiscing sociis lacus sapien massa nonummy nostra Etiam vulputate volutpat ut urna nunc taciti tempor blandit mus torquent turpis nec felis vitae Curae rutrum taciti justo sapien ad vitae luctus Cum torquent in metus euismod velit rhoncus a a
Inez Thornton,Axel@tempus.net,806-519-7593,Revere,1740456918,dolor mattis venenatis natoque fermentum ultricies dis viverra pulvinar fames Nam tempor malesuada adipiscing Vestibulum Sed viverra aptent sollicitudin congue mollis lorem elementum adipiscing Vivamus Mauris
Keane Mcfarland,Andrew@suscipit.com,532-989-6874,Salisbury,1757447406,fermentum odio montes luctus pellentesque varius nisl Nullam cursus
Sierra Miller,Eagan@viverra.edu,584-267-1092,Nichols Hills,1745913839,Nunc sociis tempus aptent adipiscing sem
Yvonne Battle,Timon@purus.net,204-343-9343,Farmer City,1745512452,sagittis orci gravida lacinia vestibulum tempor porttitor quis sociis Aliquam luctus turpis est fringilla libero neque posuere hymenaeos Integer mauris at sodales torquent Praesent accumsan Aenean Mauris consectetuer cubilia lorem mi sem consequat mauris elit sed
Minerva Moss,Alden@mauris.gov,882-903-2322,Uniontown,1765364887,aptent ligula elit interdum Sed ridiculus leo nibh convallis orci Nam dis leo est Nam ornare fringilla ut ridiculus conubia et sapien auctor sodales Suspendisse mi bibendum Morbi taciti sociis molestie Nullam Duis volutpat purus lectus porttitor mattis quis ornare Curabitur Etiam
Brooke Hendricks,Kaitlin@sagittis.gov,287-253-9154,College Station,1747082427,sed aliquam primis
Alan Gibbs,Bo@semper.gov,062-695-5774,Stafford,1735966937,per leo vel Maecenas amet sem pellentesque Maecenas Curae leo tortor cubilia dignissim vitae Curabitur In interdum interdum nulla Class tincidunt Cum massa dis Suspendisse ante convallis
Chastity Sears,Curran@mattis.gov,554-138-0034,Meridian,1743141740,senectus natoque inceptos Aliquam eros in tortor Sed tincidunt Maecenas facilisis Nulla euismod pharetra vulputate vestibulum mauris lorem
Zenia Deleon,Sade@Curabitur.gov,880-318-6674,Eden Prairie,1756230533,mollis rhoncus gravida Quisque commodo Duis cursus Donec Ut magna Lorem consequat suscipit rhoncus convallis Curae per Maecenas dolor rhoncus ac ullamcorper luctus inceptos Proin varius amet netus Integer massa mollis lobortis non condimentum Nam pharetra ac quam
Magee Mendez,Risa@hymenaeos.edu,344-608-3654,Mesquite,1757690812,venenatis nisl risus ridiculus dictum placerat aptent lobortis Curae amet posuere tincidunt litora molestie felis turpis pede eget accumsan magna est Nullam Aliquam parturient augue vestibulum tristique imperdiet est Duis posuere tempor nulla mauris non tempor rutrum vestibulum libero Aliquam Integer dui accumsan Morbi semper facilisis dapibus habitant
Walter Savage,Carson@habitant.us,146-821-0376,Amesbury,1761605564,mi taciti accumsan at conubia adipiscing aliquet dictum sit volutpat Praesent laoreet
Catherine Adams,Kiayada@auctor.com,521-771-7760,Waukegan,1736803548,suscipit vulputate Aliquam Fusce lorem litora sed egestas varius a nonummy Fusce pharetra netus nibh feugiat adipiscing netus Fusce ornare fermentum magna nascetur per sapien semper malesuada dictum dolor Nullam ligula Nulla sociis laoreet pretium Ut pede ante varius Integer Class Morbi hymenaeos at nunc
Lucian Foster,Iris@eleifend.gov,702-891-8319,Rocky Mount,1754635706,lacinia montes tristique nisi nisi nibh elit blandit pharetra Curae aliquet sem risus est hendrerit euismod tortor Fusce torquent euismod eros Nunc tincidunt per laoreet at sapien Lorem sodales tortor Vestibulum lacinia lobortis lacus litora nulla natoque
Honorato Brewer,Kenneth@fames.edu,405-676-4507,Sheridan,1736902056,blandit Aliquam lacinia ligula Phasellus vel ornare mauris gravida ac diam tristique velit turpis vehicula porttitor convallis sollicitudin turpis adipiscing vestibulum hymenaeos fames Pellentesque
Dara Camacho,Felicia@sit.edu,879-855-6022,Waycross,1737840589,ullamcorper Class convallis nascetur mollis neque aliquet fames Cras facilisi aliquet feugiat
Zephania Kirkland,Fleur@Curabitur.org,101-794-1168,Laconia,1758946101,purus hymenaeos leo lectus dapibus suscipit Vestibulum urna posuere nulla et imperdiet penatibus lacinia non nascetur sem non inceptos ligula viverra lectus
Alisa Medina,April@auctor.net,259-354-7117,Grand Rapids,1746439459,diam Morbi Curae mattis volutpat quis euismod eros ut Vestibulum orci egestas placerat lorem Phasellus nec Morbi amet Etiam aptent Morbi ad dolor ornare Nullam
Roth Sutton,Dominic@erat.edu,638-328-1876,Radford,1760927063,magnis ac erat hymenaeos vehicula neque placerat felis Nullam laoreet justo pretium Vestibulum velit Pellentesque Nunc sagittis mattis turpis Lorem
Brett Sweet,Clark@viverra.org,879-631-0091,Mount Pleasant,1748735415,accumsan faucibus pede est neque pharetra senectus Quisque erat suscipit tempor lacinia ligula vulputate urna
Rhea Hernandez,Carson@aptent.com,933-255-8068,West Hartford,1746470235,ipsum torquent nulla
Helen Avila,Upton@elit.net,054-885-0352,Port Orford,1756861948,condimentum varius sociis interdum venenatis turpis accumsan inceptos a condimentum lacinia eros bibendum venenatis pharetra Curae ad placerat urna senectus sapien Mauris lacinia Mauris justo magnis sodales Morbi hendrerit montes cursus viverra litora iaculis ridiculus mi montes malesuada blandit id dolor Mauris
Chester Morales,Claire@dis.net,972-505-9107,Arcadia,1764406286,Cum commodo Etiam dapibus placerat dis pulvinar nonummy torquent est vitae Curabitur at eget rutrum congue litora litora rutrum purus condimentum est neque leo elit et
Zelenia Britt,Daria@diam.gov,353-018-4726,Carrollton,1741513328,elementum consequat aliquam tristique amet imperdiet netus elit habitant Maecenas eget ligula commodo tristique ut pretium ultricies placerat mauris quis natoque lorem lobortis vehicula mi penatibus torquent Vestibulum Nam dolor cursus Sed semper lobortis Pellentesque libero aliquet
Quinn Clark,Amery@vitae.us,666-315-2003,Palm Springs,1748310113,sodales interdum neque eros arcu aliquet dignissim auctor auctor Curabitur torquent penatibus nisi eu elementum at Morbi adipiscing Vivamus sagittis Phasellus molestie eros egestas elit eu consectetuer et tempus Quisque tempor consectetuer adipiscing turpis per primis sodales sem lorem Aenean fames
Basia Watkins,Tiger@libero.org,055-995-3372,Winston-Salem,1760179964,at Cras at sociosqu ac convallis litora aptent augue Curae tristique ante fames elementum Quisque fermentum nec Donec Ut condimentum mollis odio interdum velit magna sociis vulputate lobortis Nunc Mauris posuere nonummy Ut litora euismod Class litora posuere hymenaeos nec a mus posuere varius nec
Brenna Mcmahon,Maxwell@nostra.gov,741-429-7753,Santa Fe Springs,1749682956,accumsan laoreet vehicula vitae mattis accumsan magna sit mollis tellus
Karly Ratliff,Armand@diam.edu,108-361-9715,East St. Louis,1763750005,non cursus commodo dapibus porttitor ligula viverra tempor arcu semper tempor pretium ad felis ante mattis semper viverra Nullam mauris condimentum penatibus neque elit urna urna parturient justo ligula cubilia ullamcorper at Vestibulum dis purus mollis Nam In odio molestie pede Aenean pharetra
Cleo Thompson,Rose@nunc.gov,205-772-0177,Gilbert,1746149884,Maecenas nisl taciti
Kelsey Riggs,Savannah@nunc.net,356-769-0460,Williston,1758334064,volutpat consequat fringilla Cum nonummy iaculis ridiculus commodo vehicula sapien primis mi euismod parturient dapibus posuere in justo Mauris sagittis fermentum mauris in ultricies natoque orci accumsan nostra magna iaculis natoque arcu et non
Kuame Rosales,Cara@ligula.gov,236-762-0421,Leominster,1758827319,tortor nec mauris augue rutrum sem suscipit mi sit vel augue facilisis non Nullam magnis sem sed blandit hendrerit mi risus eleifend elementum Curae placerat nulla vestibulum metus Donec Curabitur at scelerisque nostra In enim cursus per ad
Juliet Hunter,Lane@pellentesque.net,068-429-6100,Greenville,1754397810,magnis Vestibulum at felis risus posuere consequat Fusce auctor non Cum ac massa Nunc nostra
Melvin Crane,Olga@mus.gov,773-547-0134,Baltimore,1756253470,libero eros parturient Curae montes vulputate varius congue litora fringilla ad Donec
Henry Glover,Brady@ut.gov,658-522-2458,Mount Vernon,1752760202,ridiculus posuere dictum eu Suspendisse nunc dapibus nulla aliquam urna odio pulvinar torquent a lacinia sed facilisi ut nonummy fringilla mauris Curae eget Duis pellentesque parturient sem Aliquam Curabitur Sed eros mi convallis Quisque sapien Ut arcu magna vel ante nisi nostra a euismod laoreet Phasellus tincidunt
Tyler Byrd,Leila@rutrum.edu,764-493-7682,Weymouth,1736601319,facilisis litora orci metus adipiscing facilisis facilisi leo aliquam lacus nisl aliquam sed ut sociosqu Aenean sit magna imperdiet sociosqu vehicula magna arcu vehicula ultrices Duis eget urna lorem sed sagittis torquent sem
Ivor Frost,Merrill@enim.com,780-359-1788,Los Alamitos,1744955576,auctor litora magna
Baker Merritt,Lacota@Duis.com,824-452-6562,Elsmere,1747158537,scelerisque volutpat bibendum Ut cubilia ad vel ad ridiculus per fames Praesent Nunc taciti mattis vestibulum torquent dui magna torquent hymenaeos tincidunt metus morbi convallis quam venenatis nisi arcu sociis nonummy senectus orci lectus ultricies Lorem tortor dui aliquet Curabitur semper
Charde Newman,Fay@Vestibulum.org,071-854-8568,Rohnert Park,1748994172,aptent erat accumsan quis consequat Morbi elementum ut Morbi diam faucibus Sed Vestibulum lectus
Gisela Mccoy,Leonard@congue.edu,891-867-3231,Nashua,1740074396,condimentum egestas diam porta vehicula lorem Suspendisse neque tortor fringilla
Emery Conway,Brody@Maecenas.gov,200-884-6473,Marshall,1737558632,nascetur tortor cursus Praesent tempor viverra rutrum metus rutrum Fusce porta justo fames bibendum eu pede dui libero amet Cum non Proin In inceptos imperdiet Quisque blandit justo iaculis libero sollicitudin massa pharetra facilisi dolor dictum eu eu quam ac
James Haney,Avye@tempor.net,074-428-4209,Sandpoint,1749348974,dolor eros condimentum Pellentesque dapibus sagittis Etiam scelerisque commodo libero tristique inceptos ac sociosqu purus feugiat sagittis Nunc Nulla vel morbi id blandit libero sagittis Donec metus fames sodales Proin vulputate ridiculus ridiculus pellentesque dis accumsan tempus dis eget faucibus metus molestie nibh augue Duis elementum Vestibulum natoque ultrices
Neve Burton,Castor@gravida.edu,360-415-1605,Murfreesboro,1744981706,id erat sit turpis ut justo aptent justo sociis tristique sagittis nunc Morbi cursus vitae faucibus fames Sed mus tristique
Malcolm Jacobson,Jerome@Vestibulum.gov,878-383-4827,Stockton,1758998389,tempus pretium sapien Praesent ad at aliquam facilisis fringilla aptent risus placerat neque ante conubia In facilisi
Honorato Phillips,Neville@molestie.net,827-786-2618,Sugar Land,1738419946,ultrices convallis ipsum nulla iaculis taciti Nullam Cum Class
Tarik Wagner,Hayley@tellus.edu,573-221-0781,Areceibo,1763217245,egestas per Cum nunc diam pede Nunc Donec eleifend facilisi natoque tellus Ut Etiam diam sed Mauris metus condimentum facilisis ornare Pellentesque nisl hymenaeos ante elementum faucibus nascetur orci hendrerit tincidunt Suspendisse lorem a Mauris vulputate
Eliana Gray,Jennifer@Nullam.gov,574-012-1719,Portland,1759369753,Lorem Curabitur imperdiet in a ipsum habitant nascetur sed risus mattis Lorem Lorem Curabitur conubia Curae blandit ullamcorper ac massa placerat purus
Levi Rojas,Keith@nonummy.org,193-508-3069,Georgetown,1754113262,ante mattis facilisis mattis fames pede facilisis quis magna Maecenas
Lacey Wood,Orson@amet.org,088-208-3253,Eugene,1759881497,sapien Maecenas Quisque elit tellus elementum orci Donec Ut litora netus neque vestibulum primis nec pretium est habitant suscipit enim metus torquent aliquam turpis pede metus convallis torquent placerat molestie nascetur Sed
Kitra Woods,Jeanette@Quisque.edu,448-312-2227,Plymouth,1743728699,dictum dui est netus id lacinia adipiscing habitant enim iaculis Maecenas Ut ipsum Vivamus Cras molestie lacus conubia lorem luctus interdum Suspendisse gravida ac nunc In Praesent
Devin Dotson,Caesar@magna.net,598-989-1233,Sandpoint,1767060327,blandit nisl faucibus fames nunc ac morbi senectus ad magnis Class hymenaeos Curabitur dignissim hymenaeos fermentum nascetur aptent egestas lacus orci Phasellus per feugiat luctus sed sodales
Arthur Barlow,Owen@nisl.edu,908-698-6007,Vergennes,1743836553,posuere Vestibulum tincidunt in ante Curabitur sociosqu Morbi malesuada per tristique ligula posuere lorem per leo tristique tincidunt pulvinar dignissim
Daryl Rodriguez,Shay@habitant.gov,332-061-0585,Effingham,1757893877,fames tempus tempus Nunc arcu dictum Pellentesque massa montes arcu lectus congue nunc taciti libero nunc inceptos pretium massa sapien orci euismod nisi porta risus Ut ultrices magnis turpis Curabitur dictum Integer conubia sit mollis
Barry Reeves,Jenna@molestie.edu,583-565-5126,West Allis,1760775424,taciti Cum morbi aptent sollicitudin
Jackson Price,Barry@consectetuer.com,974-201-3034,Baton Rouge,1765458432,tempus Nullam nascetur dapibus placerat Morbi primis lobortis natoque sagittis facilisis Curabitur pretium sociis fringilla aliquet fringilla massa aptent faucibus Nam non turpis urna cubilia Praesent
Celeste Chambers,Omar@Praesent.com,298-546-5537,Berkeley,1746793097,vel massa viverra fermentum accumsan gravida cubilia hendrerit in ipsum ornare risus Fusce a malesuada facilisi a netus eros mi Nulla erat mattis vitae enim sit sollicitudin Proin quam lacus enim Fusce Curae porttitor vel dapibus primis Nam auctor tellus Pellentesque massa parturient sociosqu pulvinar libero Phasellus tincidunt
Brenden May,Gavin@mauris.net,935-899-1239,Fairfield,1736828577,ut dui in porta nostra facilisis rhoncus egestas lorem augue eu conubia Aenean venenatis sit felis Vivamus quis facilisi parturient senectus est nulla varius nisi torquent dapibus quam condimentum eros dis condimentum porta sapien Aliquam parturient porta ridiculus dui eget facilisi tempus purus purus conubia mattis enim netus sem odio
Nadine Adkins,Bert@rhoncus.com,972-128-9347,San Rafael,1744145226,Quisque lacinia Etiam facilisi ornare Suspendisse elementum facilisi elementum turpis quis Cum sollicitudin placerat facilisis mus venenatis purus eget volutpat
Yoko Weeks,Shaeleigh@suscipit.net,613-235-9285,Laramie,1762594392,nibh vitae Nunc neque netus magna nisl fermentum ligula augue sit Maecenas porttitor interdum justo Curae et Nam parturient Class Nullam semper eleifend natoque Nunc tellus mus sociis nisl erat eu montes commodo ad nisi Nullam dis lacinia ligula pede nisl sem ipsum eget massa nulla vehicula Aliquam erat leo
Dustin Frank,Keegan@vulputate.edu,195-939-5541,Poughkeepsie,1739549248,at id feugiat nibh pellentesque accumsan lacinia gravida montes massa cursus vestibulum tristique torquent Nullam mi
Rafael Mccarthy,Curran@Donec.com,253-793-3116,Butte,1766908865,Integer dolor sociis eget mattis vel Class dui Pellentesque pellentesque a volutpat
Melvin Chan,Gray@nunc.org,769-281-6114,Carbondale,1747459606,sociosqu Phasellus iaculis est consequat habitant felis pellentesque nostra hymenaeos semper nulla
Raya Bray,Keith@volutpat.com,980-537-6470,Ontario,1753122078,ullamcorper pulvinar ultricies netus bibendum
Talon Massey,Courtney@porttitor.org,767-127-1984,Elkhart,1766183062,mi Duis litora facilisi quis ac pretium Nam ultricies
Eleanor Hawkins,Kai@vel.com,441-982-5539,Grand Forks,1737840608,eleifend non sagittis inceptos quam pellentesque Integer Curabitur senectus sed ipsum eget Duis felis facilisi convallis Pellentesque aptent eleifend facilisis commodo adipiscing mattis velit Ut nulla aliquam imperdiet non
Nina Little,Kirsten@Quisque.gov,378-486-4503,Suffolk,1757486867,faucibus litora tempus neque quis cubilia in ligula dapibus tellus elementum senectus vitae eu senectus tortor Cum rhoncus ligula id est Proin hymenaeos aliquam odio dictum sociis semper Class luctus varius pulvinar pellentesque imperdiet tristique ut venenatis dignissim In nostra nulla Vivamus porttitor semper per lacinia facilisis ligula mauris taciti
Brynn Castaneda,Karina@eleifend.edu,241-716-2237,Dover,1745707667,lorem justo Vestibulum justo aliquet tempus nostra laoreet Phasellus Curabitur sociis fringilla erat fringilla purus sociis hymenaeos
Carl Holcomb,Hilda@Nullam.net,056-315-2684,Rohnert Park,1749369618,turpis nunc parturient enim ultrices viverra morbi nisl mauris massa magna
Cheyenne Love,Lucy@habitant.us,334-599-1765,Littleton,1749705939,sit interdum bibendum pharetra malesuada aliquet Sed condimentum tincidunt mauris nostra magnis posuere sem sed torquent venenatis Lorem sodales mi faucibus sapien tempor condimentum Mauris Morbi pede fames venenatis interdum facilisi commodo magnis tristique Etiam habitant non Morbi nunc ornare vehicula venenatis consequat condimentum Maecenas sociis dapibus quis
Ronan Solis,Suki@adipiscing.gov,234-675-4888,Hermosa Beach,1742208552,lacinia libero velit nisi suscipit mus elit ante morbi Quisque aptent Praesent per consectetuer lorem Aliquam Mauris felis justo pretium elementum ullamcorper tincidunt ut parturient vel aliquet Vestibulum velit nostra Quisque hymenaeos montes pulvinar porttitor Nullam cubilia dui metus sociosqu in Mauris
Lee Juarez,Rhonda@urna.us,297-564-1970,St. George,1751901362,est Suspendisse fames per nisi turpis sodales ullamcorper ac primis Donec vestibulum lacus feugiat est lectus mattis porttitor accumsan ac pede feugiat feugiat ad Phasellus nibh elit elit posuere taciti at nunc sodales ultrices quam faucibus eleifend morbi a mollis Ut ornare elementum
Jillian Robles,Elton@quam.edu,884-220-0666,Fairmont,1760529689,quam nascetur accumsan nonummy mattis urna Class euismod
Nevada Wall,Geraldine@facilisi.org,982-626-9885,Hudson,1761609904,natoque pharetra tortor cubilia tincidunt fringilla scelerisque nec dapibus Praesent Cras morbi nibh Morbi pulvinar Aliquam semper pretium pede fermentum
Raphael Figueroa,Dane@Class.org,347-910-0691,Northampton,1741383139,ut condimentum nulla Nunc eu nunc nisl tempor luctus purus lorem quam hymenaeos Pellentesque Ut Ut tortor accumsan purus ultrices velit hymenaeos sapien Etiam nunc
Grady Blair,Berk@arcu.com,741-189-6873,Twin Falls,1755696161,euismod sociis morbi aptent quis tincidunt ut cubilia cubilia Integer aptent Nullam varius Cras natoque odio neque libero volutpat mattis Lorem euismod adipiscing suscipit dictum commodo tincidunt Nunc ornare nisl Vestibulum magna magnis mi placerat placerat morbi tortor pretium
Ferris Garza,Clarke@nascetur.gov,846-440-1376,Fort Smith,1750245570,blandit interdum libero pharetra parturient a dignissim orci cubilia et fringilla commodo dui feugiat non fames Pellentesque feugiat luctus commodo taciti Quisque parturient Quisque senectus
Ebony Browning,Natalie@Mauris.org,937-558-3272,Racine,1739953795,eget eget nisl et faucibus nibh nunc Nunc cubilia nonummy Fusce accumsan ultrices sem sapien Integer Proin Cras ullamcorper eu Aliquam in orci ullamcorper vulputate Duis Nullam Pellentesque consequat Vestibulum pellentesque scelerisque tempus
Tanner Briggs,Vaughan@montes.gov,307-902-1593,Idabel,1750526528,mauris semper nostra primis elementum morbi Sed malesuada taciti egestas commodo dapibus Nam lobortis hymenaeos venenatis nec placerat habitant tortor arcu arcu nec Integer et tincidunt aliquet aliquet nonummy felis tempus eu vehicula Sed lorem interdum
Vaughan Glover,Kane@gravida.us,936-301-2745,Springfield,1761565254,interdum natoque dis porttitor in nibh interdum magna mi sollicitudin mauris amet magna netus quam quis hendrerit odio In augue diam congue metus dolor Aenean tellus gravida vulputate condimentum
Ria Delgado,Boris@iaculis.org,309-857-8823,Worcester,1752843811,convallis arcu lacinia augue dis tellus massa Morbi sodales egestas bibendum rutrum luctus pretium ultrices Lorem Fusce Lorem luctus non
Zelda Murphy,Austin@sodales.edu,883-036-7860,Westlake Village,1741099550,litora nulla Maecenas nisi adipiscing amet lacinia scelerisque aliquet Curae placerat ultrices accumsan Vivamus porttitor Aliquam condimentum Nullam porta nibh dapibus dapibus nostra Ut Proin viverra nibh lacinia feugiat consectetuer
Jaden Barton,Courtney@faucibus.edu,528-570-3050,Kearney,1752256427,In est massa volutpat dapibus magna sociis Phasellus venenatis tellus quis Phasellus nonummy tellus laoreet Phasellus tristique justo justo fames Pellentesque neque pede pharetra nibh enim libero tincidunt massa Nunc eleifend ultricies ante Etiam Praesent per Praesent Duis
Helen Salinas,Sharon@ut.net,094-318-9725,West Bend,1750274242,Nunc nisi luctus dapibus neque nec neque porttitor leo torquent vulputate luctus pretium magnis nec aliquam a nascetur posuere venenatis fames Class
Elliott Head,Petra@scelerisque.us,845-660-0362,Corpus Christi,1750886602,mi Integer nec bibendum pharetra egestas Curabitur dapibus non inceptos taciti condimentum aliquet sit porttitor malesuada commodo Aliquam ullamcorper hymenaeos semper fermentum quam Fusce elementum vel tempor auctor senectus
Channing Hess,Meghan@nulla.net,349-191-1063,Bowie,1752291498,Nunc ridiculus velit turpis odio gravida sed enim fermentum Etiam bibendum Class elit sapien rhoncus semper fringilla lobortis litora pharetra tortor adipiscing quam sapien quam neque nulla nisi
Leah Thomas,Idona@dui.net,285-408-0749,Mayagüez,1737044389,urna sit Donec molestie nulla egestas primis sem aliquam at libero libero natoque ipsum dolor eleifend
Isaiah Watts,James@dignissim.com,694-098-4761,Ames,1745202413,morbi varius tellus Quisque vehicula Nulla libero feugiat molestie eget montes Curae erat tempus nostra Pellentesque bibendum volutpat dignissim velit consectetuer ridiculus velit torquent congue feugiat imperdiet rutrum feugiat sociosqu amet Etiam risus vitae ornare hendrerit amet quam pellentesque dapibus Cum ultricies ut amet morbi venenatis Integer
Buffy Galloway,Leslie@morbi.com,488-738-9145,Cedar Falls,1757542575,condimentum ultrices lectus sociis commodo eros Donec ante Curabitur lobortis felis est nulla Curabitur varius Ut Proin Donec turpis ante augue ornare Phasellus posuere mauris Quisque libero natoque Praesent placerat morbi Mauris nunc primis Ut Duis odio amet tempus dictum pulvinar odio nec placerat lorem mauris Curae consequat primis
Jameson Webb,Lucius@elementum.gov,851-066-2261,Shawnee,1749052950,lectus arcu in primis inceptos imperdiet justo scelerisque suscipit augue iaculis at ultrices senectus neque Duis Lorem netus Phasellus facilisis pellentesque ac Praesent gravida Phasellus est ipsum libero mi porta In Quisque dui
Richard Baldwin,Erasmus@sit.edu,606-990-8090,Battle Creek,1757603968,Donec mollis quam molestie Nulla parturient tincidunt Cum lacinia sapien fames ultricies Praesent leo leo Class Vestibulum arcu in In sapien aliquam quis tempor euismod sit egestas condimentum Class id felis dui nonummy Proin venenatis luctus ultricies blandit cursus dis lobortis Integer lectus aliquam velit
Zenaida Richardson,Drew@turpis.com,316-012-0782,Saint Louis,1765689109,placerat Suspendisse imperdiet gravida Pellentesque natoque Nam vehicula amet congue In dis sociosqu senectus natoque turpis tortor congue Quisque In convallis ornare Duis ad ligula magnis accumsan pretium libero Curabitur laoreet Fusce eget mus sodales auctor volutpat magna inceptos interdum eget nisl Nam
Mikayla Jenkins,Joy@Quisque.gov,165-010-0449,York,1765301135,urna fringilla condimentum dignissim est Sed suscipit lectus euismod eleifend vulputate ipsum hymenaeos sed augue augue euismod accumsan elementum justo dui eros dignissim amet ipsum Integer dictum ut Curae cubilia Nunc ultricies Fusce pellentesque mollis purus euismod velit justo eros vestibulum tellus montes hendrerit in
Jermaine Hayden,Knox@Ut.org,556-404-8443,West Jordan,1738053958,per risus a dapibus ac Morbi Class per fringilla fames
Melodie Combs,Abdul@Ut.net,813-676-3054,Hoover,1753767033,vehicula Etiam leo mollis tincidunt penatibus nec molestie ipsum vehicula malesuada tempor vestibulum torquent sapien Mauris hymenaeos torquent posuere Mauris risus est pulvinar fringilla volutpat torquent inceptos parturient risus Nulla
Lila Strong,Christen@nec.gov,589-228-6546,Keene,1737289513,non penatibus Maecenas nec in feugiat Maecenas cursus Proin sapien lacinia hendrerit feugiat nostra netus ipsum vitae egestas Maecenas orci cubilia elit sed amet diam Vestibulum risus non Etiam Lorem fringilla litora dictum laoreet diam
Alexa Yang,Addison@facilisi.org,038-376-2319,Thiensville,1760232402,Class nec Morbi ridiculus quis parturient in Proin convallis Vestibulum senectus Nullam urna metus Duis per blandit Mauris sodales scelerisque vehicula penatibus neque sollicitudin Nulla purus nascetur dis dolor magna Fusce lorem vulputate mollis diam vulputate iaculis netus natoque Curae sapien tellus sodales
MacKenzie Galloway,Barry@senectus.com,576-555-4738,Odessa,1761466239,iaculis suscipit magnis libero malesuada interdum nisl sapien consequat Aliquam eget elit
Bree Woods,Abdul@purus.org,157-080-0858,Hartford,1740105579,nibh eros Nulla dui primis vestibulum aptent semper Cras ligula per fames ipsum id suscipit euismod Mauris fermentum at dignissim Lorem penatibus ante amet ante aliquam torquent Praesent blandit eget metus porttitor cursus Proin interdum montes euismod erat sodales Proin hymenaeos
Brock Dean,Sacha@dapibus.us,712-241-9036,Laguna Niguel,1747822656,magnis augue leo fames tortor tempus neque et metus bibendum penatibus orci Curae nulla tristique lobortis Curae Quisque faucibus nostra morbi montes Vestibulum mattis arcu diam Aenean
Maris Bartlett,Adena@in.us,085-657-7831,Stillwater,1760561486,mi a vel quam nulla senectus nisi
Nola Michael,Ulric@habitant.edu,699-968-3761,Santa Fe Springs,1755153164,accumsan mauris auctor mi sapien cubilia diam feugiat fringilla massa urna Nam vel sem quis convallis sodales penatibus Curabitur suscipit Etiam Quisque condimentum ultrices
Martin Collier,Erica@vitae.edu,021-181-0446,Rock Island,1742832738,et facilisis elementum tellus dictum torquent gravida Ut ullamcorper felis pharetra velit venenatis morbi Pellentesque sodales nisi pellentesque eget dis quam sollicitudin Etiam faucibus mus Ut conubia odio Nunc primis tellus Proin condimentum mattis torquent Nam nisi nec nulla sem nonummy Class augue
Patricia Case,Shellie@Curae.net,493-405-4652,Catskill,1755589010,Phasellus sociis netus Sed Duis aliquet Nunc Praesent Lorem Curabitur Praesent primis ad posuere justo Nam varius ultricies Integer volutpat et magna lobortis sed euismod vel pellentesque eros Cum rutrum feugiat augue hymenaeos Vivamus tempus
Libby Rivers,Daryl@pulvinar.gov,109-404-4296,Auburn,1746981437,conubia imperdiet molestie pulvinar risus ipsum facilisis diam vulputate per facilisi felis leo litora Class pede dignissim inceptos viverra montes ullamcorper primis faucibus primis pellentesque ipsum enim porttitor Class blandit metus Nullam Nullam facilisi Vivamus urna interdum amet ridiculus hymenaeos eleifend vel nostra Ut iaculis eros
Peter Barnett,Arsenio@lorem.us,456-032-7531,Columbia,1749264945,lorem tempor erat Cum
Ulric Norton,Clark@sapien.gov,410-258-2170,Biloxi,1764536544,Etiam Aliquam Mauris nunc sollicitudin lobortis justo Nunc Morbi fames diam Nullam fringilla pharetra torquent convallis Integer Sed hymenaeos amet Duis Cum Aliquam accumsan vel tortor placerat dignissim rutrum est hendrerit a pharetra semper magnis Maecenas metus cursus cursus litora viverra Proin tortor felis mauris dolor vitae
Tarik Shepherd,Karina@primis.com,427-154-1788,Calabasas,1760048420,vel torquent feugiat Nullam nisl faucibus aliquam eget mollis dis mattis taciti lorem Praesent ut parturient magnis quam rutrum
Finn Mathis,Axel@lectus.edu,835-663-5717,Richmond,1748250737,suscipit semper pulvinar neque pellentesque aliquam Cum dapibus erat eget accumsan netus Morbi at neque Duis venenatis ornare per Nam sem Cras Aenean condimentum ut fames consectetuer nostra pulvinar suscipit vehicula justo nostra non adipiscing iaculis montes
Martha Schroeder,Mary@auctor.com,231-796-6269,Tonawanda,1758937394,ante ornare Pellentesque Cum massa
Dolan Rutledge,Emma@hymenaeos.org,800-918-4961,West Palm Beach,1756879451,auctor sollicitudin Aliquam est tempus iaculis eros malesuada facilisi dignissim fames natoque
Stephen Melton,Jamal@lorem.net,918-293-1955,Basin,1755330124,urna volutpat dolor malesuada rhoncus ultricies Aenean Vestibulum convallis taciti velit tellus placerat luctus sociosqu sit lorem vitae ultrices ad
Dacey Curry,Damian@suscipit.us,121-005-5430,San Francisco,1742000626,sapien mattis nostra adipiscing Nulla justo risus Fusce morbi fermentum leo Nullam parturient risus primis netus tristique torquent amet tristique orci tortor mus amet ultrices ut laoreet mi primis porttitor nonummy diam natoque parturient feugiat penatibus tellus Nam Quisque dignissim consectetuer lacus Aenean adipiscing est dis Curabitur
Karen Contreras,Adrienne@natoque.org,331-196-0600,Homer,1743703758,nisl ipsum non leo ipsum gravida amet Morbi congue Cras porttitor nibh tempor dapibus nec Sed nascetur scelerisque faucibus amet netus nonummy morbi fames in nisi dolor sed
Upton Bowman,Cheryl@primis.edu,254-563-3891,Rohnert Park,1762170620,dis Integer Maecenas ipsum penatibus lobortis scelerisque molestie nostra Integer Quisque Duis taciti metus tincidunt quis nec semper Vivamus amet rhoncus viverra quis Cras
Yardley Chambers,Uriah@rutrum.org,670-860-5813,Hattiesburg,1755221923,enim Class volutpat nisi lacus ultrices facilisis lobortis porttitor laoreet Phasellus blandit tempus sodales ligula tellus egestas imperdiet aliquam Maecenas aliquet ad Nunc accumsan id erat Donec vehicula ligula sociis augue nascetur tincidunt Cum blandit nulla Phasellus lacus imperdiet
Thane Walton,Brielle@lobortis.org,339-718-7398,Georgetown,1753728327,mollis felis at sociis parturient diam
Quon Foreman,Samuel@dictum.com,801-245-4613,Pico Rivera,1765210990,Etiam sociis nonummy mollis montes nisi penatibus commodo mauris laoreet consectetuer bibendum aptent faucibus inceptos Aenean volutpat nonummy in primis pulvinar porttitor ipsum tempus fermentum Duis lorem pretium Lorem est volutpat sit placerat Fusce aptent In imperdiet in parturient magnis porttitor
Ann Hardin,Chaim@dignissim.edu,563-587-8032,Hampton,1741568051,Etiam posuere ut malesuada vel fringilla Curae vitae justo Aenean tristique arcu faucibus augue Fusce Class commodo netus eu sociosqu Vestibulum elit dictum ligula Suspendisse erat commodo tortor Nunc est fringilla nibh aliquet consectetuer ullamcorper non congue augue varius eu viverra
Idona Simmons,Leandra@metus.net,515-930-1542,Nevada City,1754577733,ad parturient sed iaculis semper Praesent sollicitudin rutrum ante euismod metus blandit tristique magnis enim Quisque aptent eu dignissim consequat magna ultricies eget
Zachery Rios,Marny@vestibulum.org,784-009-0578,Birmingham,1761515680,sagittis magna nibh vehicula condimentum pulvinar quis parturient semper pulvinar ante sagittis sodales pretium pharetra aliquet varius inceptos ante diam morbi senectus lacus varius iaculis est Praesent justo iaculis massa Praesent Aliquam bibendum mollis risus scelerisque eget nonummy tortor ultrices fringilla Curae orci pretium augue euismod per accumsan hendrerit convallis
Adria Smith,Ralph@lacus.com,128-019-4313,Temecula,1758381337,non aliquet Phasellus inceptos nibh sollicitudin habitant aptent Etiam dui tortor Mauris Proin Fusce ac tellus placerat Donec Donec rutrum morbi consequat fringilla inceptos varius
Ocean Neal,Tamekah@metus.gov,462-944-7763,Redondo Beach,1749282701,venenatis Nulla erat sapien nunc consectetuer vestibulum iaculis semper neque tempus nec blandit Class nec Cras vehicula vulputate bibendum velit scelerisque ut aptent lorem iaculis Class sed hendrerit mauris Suspendisse interdum
Amery Forbes,Dustin@ligula.us,744-542-3532,Wichita Falls,1765432280,mi ad eros sit habitant feugiat libero natoque nulla vehicula imperdiet sociis turpis Duis euismod orci risus inceptos id nisi ad sit nostra Lorem felis lobortis orci lacus mauris Vestibulum rhoncus velit convallis elit nascetur tortor augue Maecenas aliquet Etiam
Benedict Wallace,Indigo@feugiat.net,475-746-0011,Spokane,1763543608,lacinia fringilla diam blandit mi fringilla suscipit Morbi ac Curabitur quis blandit urna volutpat rhoncus ligula velit mattis vestibulum dignissim Integer massa euismod sapien Pellentesque aptent
Felicia Houston,Harrison@senectus.com,934-141-5976,Lower Burrell,1760834758,vitae sagittis cursus ante arcu sed ligula nisi cursus Nam metus quis aliquam
Berk Jefferson,Ryder@pellentesque.com,886-574-3114,Areceibo,1735805685,morbi nec magna arcu eleifend Aliquam justo ut urna commodo tortor justo Nunc arcu non tellus tincidunt risus magna magna fames arcu sit facilisis dignissim Nullam sociosqu mollis venenatis a lectus mi netus auctor ultrices
Rooney Boone,Vance@nisl.org,280-038-8649,Winston-Salem,1754987731,sit Donec posuere commodo luctus
Christen Mejia,Dean@dapibus.gov,524-244-7551,Huntington,1744573660,et vulputate nonummy senectus ullamcorper quam Cras blandit ridiculus malesuada convallis montes odio nostra nunc at
Denise Jacobs,Sara@elit.gov,282-491-8005,Watertown,1764212524,a malesuada Aliquam Nam lacus tincidunt Praesent in Cras adipiscing vehicula ultricies Maecenas metus urna augue Integer ultricies Nullam pretium Duis Morbi aptent tincidunt vitae sapien per
Harrison Bryant,Scarlett@elementum.gov,853-458-0777,Woonsocket,1757178927,sit Lorem tempus nascetur non laoreet dapibus ut velit Mauris inceptos cubilia nostra magnis eget litora massa sodales metus eleifend massa bibendum Duis ullamcorper viverra quam varius netus per fermentum elementum Phasellus dignissim tincidunt tempor pharetra torquent felis nisl vestibulum mollis taciti Curae magnis quis
Carol Fernandez,Vera@parturient.com,790-802-5272,Alamogordo,1755435326,gravida risus amet natoque vulputate hymenaeos Nullam litora id risus Curae Ut elit congue sem suscipit conubia vestibulum vel diam convallis dis porttitor libero Proin feugiat
Lane Schwartz,Genevieve@erat.com,196-280-0974,Bandera,1743298760,Curae a consectetuer condimentum Pellentesque porta lorem odio torquent dapibus litora
Richard Gregory,Idola@Cum.edu,844-390-4124,Paramount,1751165048,senectus mollis fringilla ad pharetra pharetra ac condimentum ipsum pretium sem tincidunt tempor sapien sodales Quisque Donec purus libero at aliquet ullamcorper nostra aliquam sem pellentesque massa tincidunt metus venenatis tellus Vivamus vehicula viverra natoque augue sodales Integer enim imperdiet Phasellus Ut
Xavier Bass,Amal@cubilia.net,640-668-5406,Bentonville,1741596899,pede at imperdiet
Mercedes Ferguson,Norman@Sed.com,559-138-8170,Berlin,1746183701,purus eros nascetur Lorem nascetur Nunc metus Maecenas Maecenas eros quam parturient scelerisque posuere sit tincidunt tempus pretium rutrum
Dana Morales,Calvin@eu.edu,360-958-9673,Rohnert Park,1752410585,sociis semper molestie pellentesque sodales velit dui Suspendisse nisl tristique congue lobortis senectus est risus parturient nec lorem netus aliquam cursus mi ante nostra Nulla ornare gravida Proin posuere Nullam amet eleifend urna consequat
Burton Hill,Walter@placerat.us,038-056-5351,Beloit,1736674673,arcu urna accumsan vulputate dictum blandit Nam Phasellus ante ante ipsum erat nascetur sollicitudin lectus Vivamus porta nulla tempor justo penatibus Etiam Nullam velit sociis Suspendisse eget Integer mattis aliquet Integer interdum consectetuer facilisi fames non Vivamus odio ridiculus magna eu torquent Etiam habitant
Jonah Petty,Cara@et.gov,953-079-8822,Chino,1745389797,Nulla enim ac blandit et ante vestibulum purus morbi metus massa malesuada Nam Cum
Emmanuel Cabrera,Louis@non.com,132-741-0470,Lincoln,1751490431,volutpat sollicitudin Phasellus dignissim suscipit sem sodales gravida tristique
Jason Anderson,Hilel@malesuada.us,677-311-9454,Yonkers,1741665017,sagittis a augue sit risus venenatis cursus Mauris nostra est fermentum commodo Sed cursus vehicula justo netus condimentum
Nell Hutchinson,Darius@In.org,521-310-2395,Mentor,1754208663,et pharetra Donec Suspendisse lectus risus hymenaeos sagittis Mauris ultrices semper Fusce nulla placerat Nam sodales primis elit lobortis felis urna Vestibulum tristique augue senectus montes purus blandit Curae magna Etiam In magna In tincidunt aptent risus nunc fames
Carson Richmond,Cathleen@id.edu,054-245-9886,New Orleans,1765372795,parturient Quisque lacinia justo dapibus penatibus blandit aliquet Aenean aliquam Nam gravida per Cum inceptos ipsum vehicula commodo aliquam accumsan est laoreet euismod mattis nunc ultrices mi et venenatis et Donec lacinia
Margaret Burch,Lance@enim.net,975-219-0206,Brownsville,1751728594,senectus sem lacinia Praesent eleifend primis elit adipiscing elementum quis pede Cras blandit congue est dolor volutpat fames dignissim dignissim facilisi accumsan Vestibulum commodo Phasellus natoque faucibus dapibus magnis netus
Keaton Leonard,Maggy@convallis.us,621-583-0310,Sunnyvale,1735956577,magna augue aliquam et Duis lobortis conubia pede magna felis sapien ultricies dapibus aliquam id porta vitae dictum ornare pede ante venenatis Aliquam tempus Curabitur facilisis In condimentum orci libero Ut egestas lacinia aliquam Proin inceptos montes In ad ornare nisl
Bell Rivas,Branden@mi.net,561-361-2823,Corinth,1753834463,Vivamus Aliquam suscipit lectus mus ipsum erat porttitor nonummy erat Maecenas magna ipsum nec odio vehicula ultricies suscipit dapibus inceptos cubilia aliquet taciti magnis dui Pellentesque ac conubia mauris ante Pellentesque non
Amelia Clayton,Amal@lacinia.gov,212-563-3754,West Sacramento,1754851439,Donec lectus gravida in venenatis netus Phasellus malesuada bibendum sollicitudin
Chaney Thompson,Sharon@Curabitur.org,494-199-6492,Williamsburg,1763966072,nisi et vitae a Mauris lacinia interdum Integer sit purus et nisi pellentesque facilisi sed sociosqu torquent iaculis nostra lacinia nisi
Lana Glass,Hoyt@vehicula.com,391-768-2945,Areceibo,1763468972,vulputate Donec lectus ad magna netus cursus egestas lacus ultrices pede sociosqu porttitor augue Curae lectus pulvinar cursus elementum dui netus
Price Arnold,Zane@eleifend.gov,457-355-0274,Farmington,1735722548,a iaculis Cras Quisque Lorem sed dolor eu luctus Vestibulum nibh ultrices Donec quis elit bibendum pretium eget hendrerit sagittis senectus dolor sodales
Rudyard Anderson,Kenyon@luctus.org,364-185-7155,Miami Gardens,1767122488,Suspendisse feugiat augue ornare nec mus luctus turpis est nibh lacinia vehicula justo sit eleifend facilisis non Nullam luctus Quisque nunc Fusce pede convallis consequat vulputate nonummy Morbi Ut Nunc aptent tellus ante penatibus commodo Aliquam neque et aptent Suspendisse sodales non ante inceptos
Shannon Sawyer,Brynn@turpis.us,918-763-0289,Flint,1739063878,fermentum Sed netus at convallis Cum ullamcorper taciti
Lara Hendricks,Amir@mus.net,322-896-5481,Saint Paul,1740826163,facilisis nec libero elementum Vestibulum nisi rhoncus sit iaculis lacus placerat nascetur eu risus sociis nisi montes Mauris mi condimentum magna risus netus nibh nibh neque posuere sapien a Nullam magna faucibus consectetuer tortor fermentum vehicula bibendum hymenaeos iaculis lacinia suscipit
Preston Jimenez,Vielka@nonummy.edu,178-526-8951,Greensburg,1753023353,semper elementum sociosqu netus Aenean ultricies a ridiculus Cras lorem Proin nibh lobortis Vestibulum Class Nunc Suspendisse torquent per eros Curabitur porttitor Nam ridiculus laoreet senectus eleifend sem orci tempus taciti taciti pede amet senectus
Quinn Doyle,Tad@lacinia.com,415-272-6105,Sedalia,1753035069,pede eleifend blandit inceptos netus ut enim tincidunt eleifend pretium consequat eu sagittis Cras justo quam neque Pellentesque senectus Lorem Cras interdum est sociosqu Quisque imperdiet Aliquam mattis egestas
Reece Gray,Yvette@netus.net,575-991-9011,Concord,1760111926,lorem inceptos arcu vel Nunc enim magna interdum sem adipiscing aliquet facilisis neque Morbi quis leo In Nulla senectus Ut elementum semper dui erat dictum montes risus tempus fermentum Aenean
Vladimir Collier,Jarrod@sed.org,776-212-8730,Fond du Lac,1744160360,montes taciti semper pellentesque mus dictum In purus sociis senectus Quisque Duis dui cursus dolor
Julie Baldwin,Kuame@sodales.us,281-571-6621,Macomb,1754643299,at penatibus et porttitor natoque Curabitur aliquam tempor pharetra parturient volutpat mi arcu molestie sagittis vel torquent elementum orci velit placerat In taciti tempus turpis imperdiet neque Ut ullamcorper sodales Quisque netus iaculis magna condimentum turpis imperdiet sociis commodo senectus leo sapien aliquam pulvinar per
Kyle Robbins,Laurel@vulputate.net,244-021-7006,Macon,1745722041,fringilla ut ipsum massa eleifend interdum sodales dapibus ornare sagittis Nam In eros arcu venenatis Mauris at litora tristique odio torquent vitae elit sociosqu
Rhonda Levy,Teagan@auctor.edu,534-664-9400,Indio,1766279401,magna viverra est orci nunc sem Praesent semper porttitor sociosqu Class senectus Quisque magna dis ornare nisl turpis nulla at senectus leo sollicitudin et dictum non purus scelerisque vestibulum cursus sit rutrum et ultrices eu pretium Class aptent consectetuer Proin aliquam semper eu montes sagittis semper aliquet
Jolie Montgomery,Ciara@gravida.edu,479-144-4452,Ames,1736087924,cursus vel lacinia fames ipsum justo Class egestas ultrices semper volutpat
Stephen Nixon,Mariko@consectetuer.edu,129-973-2845,Charleston,1736978688,blandit est orci erat hendrerit risus amet hymenaeos eros molestie vitae odio
Amal Sweet,Hedley@pede.org,423-272-3329,Lawndale,1754943689,Aenean justo ultrices sit posuere rutrum arcu malesuada facilisi luctus malesuada Quisque fringilla eget montes ut hendrerit facilisis ut Proin Donec augue Phasellus Cras
Lane Collier,Paula@convallis.gov,183-789-2307,Paterson,1737535152,amet sollicitudin facilisis tempus torquent sapien Vestibulum cubilia arcu mauris elit hymenaeos facilisi amet purus adipiscing
Haviva Mason,Knox@litora.org,850-055-6657,Athens,1757016384,ad pretium Curae pellentesque eget in elementum pellentesque venenatis aliquet nonummy erat suscipit sed volutpat vestibulum penatibus eu lacus augue rutrum tellus eros Integer Cras Phasellus scelerisque Aenean sed Aliquam Lorem Sed
Brendan Conley,Rose@semper.us,097-957-5825,Aliso Viejo,1742630391,mi commodo nascetur dolor Sed habitant ac ultricies id Class pellentesque Maecenas rutrum porttitor dolor dis
Morgan Nichols,Joshua@consequat.us,536-498-9525,Tallahassee,1742399981,sodales varius primis quis convallis risus adipiscing est varius taciti blandit senectus consectetuer
Barbara Marshall,Gage@nec.gov,002-074-0314,Moreno Valley,1748757652,eu eleifend laoreet felis Maecenas placerat tincidunt consequat massa nonummy quam Cum blandit tempor porta
Stuart Barker,Rafael@porta.net,381-120-6443,Rapid City,1763728005,In felis neque metus magna eget nec Proin faucibus ad viverra dignissim laoreet ipsum risus libero ultrices malesuada mattis fringilla taciti lacus dui ornare neque tincidunt fermentum nulla ligula commodo placerat id volutpat mi orci laoreet justo porttitor cubilia Curabitur Morbi sapien Maecenas nunc purus Ut
Cassidy Gibbs,Iona@Nullam.edu,916-106-6883,Palmdale,1760972997,Pellentesque at justo Aenean dis sagittis senectus ornare tortor netus dui metus imperdiet molestie litora tortor montes Suspendisse auctor pulvinar non habitant quam pretium In gravida taciti vel Mauris lectus Curae per parturient a
Shelby Hinton,Dillon@parturient.org,324-186-7174,Pocatello,1748352825,Maecenas nec semper metus sit varius posuere iaculis nisi laoreet Nam mattis nibh nisl amet risus nulla nisi vel at mus ipsum suscipit Quisque inceptos hendrerit nulla feugiat pretium fringilla euismod id cubilia Class sit euismod pede iaculis nisl
Judith England,Charlotte@congue.com,808-977-1939,Bremerton,1752272886,nonummy leo elit at lacinia Nam Praesent posuere porta bibendum ut accumsan Aenean mauris enim velit nonummy morbi tortor inceptos habitant ut nulla purus Fusce sociosqu volutpat lacus fringilla nisi rutrum viverra
Kyra Decker,Jerry@id.us,086-543-3456,Hope,1744056617,neque venenatis Nam Maecenas tincidunt consequat Class erat arcu nulla nibh Vestibulum semper quam Curae imperdiet urna placerat risus vehicula Morbi sit ultricies aliquet pulvinar bibendum Integer ipsum commodo eleifend venenatis taciti gravida aliquet Proin a est lobortis Curae Quisque Quisque metus volutpat ullamcorper In condimentum netus
Blossom Mills,Sonia@mollis.net,906-305-8192,Hartford,1737572406,mauris ad non Donec et risus risus tortor ut turpis tempus malesuada Cras iaculis pellentesque Donec non rutrum volutpat Duis hendrerit nulla purus ipsum ultrices Vivamus pharetra Curae enim ipsum iaculis
Xenos Franks,Halee@habitant.org,546-993-4837,Bowie,1738225812,nunc facilisi Vestibulum eros est tempor molestie sit lacinia enim pellentesque ridiculus suscipit hendrerit ut condimentum ad sed accumsan sociosqu Integer Lorem vulputate nisl Quisque convallis vitae volutpat Nulla
Driscoll Koch,Sawyer@ligula.us,001-713-4048,Oklahoma City,1744633755,posuere dictum senectus aliquet euismod lobortis hendrerit facilisis Pellentesque elementum magnis non quam mi lorem sagittis lectus sodales vestibulum felis cubilia porta egestas porttitor netus Integer tristique pulvinar orci Ut porttitor dignissim scelerisque Ut dignissim
George Vaughan,Zelda@fames.us,224-111-9575,Salem,1760619236,feugiat consectetuer arcu a quam euismod ornare habitant eu molestie torquent quis egestas lorem Pellentesque eleifend In a Integer fermentum
Bernard West,Tiger@hendrerit.org,615-620-6394,Lahaina,1748309287,vitae sem sed Nunc pulvinar ac Fusce Duis felis metus enim Nam eget magnis lorem torquent Praesent eros tempus mus sem blandit ligula nostra interdum auctor posuere ac Cum hendrerit aliquet a suscipit in Quisque tristique morbi convallis molestie pulvinar dis netus
Kirestin Miranda,Reagan@tempor.com,472-268-8483,Santa Ana,1755279910,nunc nostra egestas Quisque Curae Phasellus tellus porta Donec imperdiet Aliquam malesuada adipiscing facilisis convallis neque eget morbi nec iaculis Integer primis vitae ultrices fermentum neque sapien lacinia at id mattis nulla pharetra nostra fermentum hymenaeos massa mauris id Ut tristique pede dignissim pretium nascetur quam tempor magna ullamcorper
Amos Ball,Imelda@Sed.us,011-631-6282,Narragansett,1736232763,venenatis mollis torquent ultricies nulla pulvinar laoreet Mauris nonummy netus Cum sodales Cras Phasellus lacinia convallis fermentum a ornare laoreet sit convallis placerat
Ina Hayes,Grace@rutrum.com,707-005-1082,Temple City,1753951585,posuere massa Mauris convallis imperdiet Aliquam sapien Fusce morbi ultrices tristique fames viverra tortor vehicula dictum libero Duis ultricies sapien magnis pede suscipit auctor ullamcorper
Hillary Gibbs,Charissa@suscipit.net,590-399-6948,La Habra Heights,1752606960,sed facilisis Pellentesque viverra conubia elit natoque vestibulum laoreet est volutpat
Quamar Lester,Samantha@scelerisque.edu,069-307-6818,Little Falls,1737377278,dui turpis nec urna Sed cursus euismod Proin nunc
Oprah Ferrell,Eric@vestibulum.us,620-290-3231,Easthampton,1751847454,velit feugiat adipiscing ante turpis Pellentesque suscipit morbi vestibulum porta nulla bibendum nunc sodales nulla lectus at amet nostra nulla pellentesque orci at urna mollis Fusce laoreet quis sociis a Cras tristique
Nero Suarez,Deborah@fermentum.org,620-349-8473,Paterson,1744883073,erat lorem aptent congue Lorem mus nulla est fringilla parturient lorem dui risus turpis ultricies pretium
Tiger Mclaughlin,Aristotle@leo.edu,197-357-8810,Idaho Springs,1740158136,ornare massa aliquet magnis pretium per aptent dictum
Skyler Vega,Louis@ante.edu,966-737-8369,Middlebury,1755671772,volutpat metus Suspendisse ligula fames ornare laoreet semper consectetuer facilisi natoque sed ante semper Sed nisi montes mollis sociis
Xaviera Ingram,Alexis@urna.edu,271-281-3894,New Madrid,1763512164,ultrices Cum Suspendisse consectetuer tempor montes nisi in fermentum
Anika Goodwin,Stacey@nascetur.net,425-083-4540,Kemmerer,1762406627,sociosqu senectus cursus luctus sapien Integer lectus taciti porta justo velit
Melvin Tyler,Miranda@nisi.gov,855-814-4022,Thibodaux,1745340102,consequat ad Phasellus Nulla scelerisque purus augue In dui metus sit dolor iaculis Quisque eros elit mollis lorem dis nonummy quam nec Etiam sed
David Conner,Robin@viverra.com,243-710-0086,Frederick,1740037475,lectus nisl condimentum aliquam malesuada nascetur massa luctus conubia cursus sollicitudin in Vestibulum varius tincidunt placerat montes augue ante ligula in morbi dolor tortor justo euismod morbi ridiculus morbi posuere viverra Proin dignissim leo Sed eleifend
Wesley Kirk,Nigel@vehicula.org,109-487-8940,Bradbury,1746442447,placerat tellus arcu Suspendisse eu Praesent luctus ac erat natoque Lorem primis molestie interdum in varius congue Aliquam arcu arcu consectetuer nostra arcu fermentum conubia inceptos elit quam Vestibulum pretium Maecenas mauris facilisi Curae convallis
Suki Mcgowan,Amena@parturient.com,156-791-3758,Huntington Park,1760763955,condimentum convallis morbi volutpat dolor
Kai Farley,Colorado@elit.net,920-309-4939,Gloucester,1741802737,adipiscing porta massa taciti Duis
Brenden Long,Bertha@pede.edu,697-517-9766,Elsmere,1766309613,dapibus facilisi pellentesque pellentesque conubia
Genevieve Le,Denise@montes.net,937-064-6270,Jackson,1753023491,pede senectus netus Sed dictum iaculis Integer sed risus est adipiscing hendrerit ipsum quam pharetra dui
Jerome Long,Harper@rutrum.gov,264-746-3590,Starkville,1747030765,ac venenatis luctus Sed non mauris Duis convallis magna varius sed blandit et et malesuada nibh non taciti eu placerat enim mattis ornare fames rhoncus Nam elementum diam
Noelani Booth,Tarik@nulla.us,875-400-0748,Anchorage,1750569111,nisl blandit luctus dictum penatibus aptent nascetur amet ad ante mollis metus a Cum accumsan augue habitant euismod ridiculus id mollis euismod risus consectetuer id iaculis Integer rutrum
Candice Mack,Avram@vestibulum.edu,187-077-3143,Provo,1753868773,ac pulvinar natoque Vivamus rutrum facilisi condimentum nunc Cum Praesent consectetuer Donec dignissim orci a nunc eu lorem nisl non
Aileen Higgins,Henry@pulvinar.edu,706-190-1718,Nichols Hills,1762684261,sagittis felis Pellentesque et massa litora viverra Aliquam sociis dis viverra nibh lectus tincidunt justo litora imperdiet Cras ultrices Ut dapibus nisl Nullam non placerat Class aliquet Integer nisi elit Phasellus tempor consectetuer varius non interdum rutrum nisl enim egestas lacus nec sagittis semper
Harlan Dixon,Darryl@est.org,264-641-6538,Santa Monica,1749261975,auctor gravida sociosqu Nulla augue facilisis venenatis vel ac quam elementum neque parturient suscipit penatibus ipsum condimentum Nunc ullamcorper
Rowan Macdonald,Lael@Quisque.org,902-247-4445,Trenton,1751160493,ipsum augue sociosqu euismod amet litora lectus penatibus suscipit placerat mauris metus et Donec senectus congue iaculis primis ut pulvinar elementum Duis urna Nulla nec metus
Joseph Cherry,Xaviera@Cum.us,821-031-9007,Gastonia,1762210162,conubia hymenaeos Integer arcu Mauris dignissim urna Ut dis tempus inceptos
Dora David,Jerry@nisl.net,981-001-6766,Hammond,1737221757,dui ridiculus augue
Bethany Spencer,Nasim@pulvinar.gov,679-530-0658,Fulton,1744242845,mattis tincidunt velit pharetra nisl rhoncus sociis dapibus euismod sollicitudin leo augue fringilla luctus dignissim consequat laoreet Cras ipsum ad habitant neque porta molestie penatibus laoreet egestas Nullam
Nicholas Bates,Oliver@parturient.com,999-822-7344,Brockton,1756354346,tellus auctor lorem hendrerit tellus taciti et quam aptent consequat Cum turpis hendrerit nulla consectetuer cursus nisi Aliquam sociis pretium Lorem inceptos ridiculus elementum hymenaeos vulputate nec
Edward Park,Ursula@Vestibulum.net,412-975-5964,Corpus Christi,1736036544,vehicula tristique nec blandit
Maia Hogan,Cyrus@Proin.edu,392-295-1528,Boulder,1744041423,dolor senectus Curabitur feugiat in quis ligula sed mus sed Aliquam pretium nostra in nisi odio nulla Praesent viverra tincidunt auctor consequat semper turpis nibh urna
Marcia Hernandez,Sean@augue.gov,326-802-9786,Rutland,1765328881,condimentum Morbi commodo rhoncus commodo enim pellentesque gravida ligula vulputate inceptos Aenean porttitor Maecenas facilisi pharetra convallis Pellentesque sit primis fringilla Nam fringilla tristique imperdiet dignissim
Micah Kane,Kristen@parturient.org,924-457-4116,Blacksburg,1743231022,Nam faucibus commodo luctus primis diam fermentum egestas
Galena Gutierrez,Fallon@lorem.gov,057-691-6465,Meridian,1758401010,tortor mollis taciti montes montes massa Pellentesque porttitor bibendum Proin habitant convallis Maecenas rhoncus Praesent condimentum imperdiet In volutpat ac ornare Quisque Curabitur ac vel Nam Morbi vel condimentum massa Etiam rhoncus turpis neque vulputate Proin purus nulla Integer
Blythe Evans,Kevin@Donec.org,448-052-9169,Alpharetta,1763926497,tempus diam sodales Nunc fames nunc mattis sapien scelerisque justo Lorem metus per netus semper sapien sociis consequat
Raven Glover,Maya@Praesent.org,958-871-7668,Overland Park,1742765335,nascetur cubilia elit tempus congue feugiat non Suspendisse velit consequat Pellentesque nostra quis sed metus ridiculus facilisi ullamcorper eleifend
Simone Perez,Athena@in.gov,869-382-2705,Oklahoma City,1766642107,ullamcorper sodales pede convallis lectus ipsum condimentum facilisi pulvinar hendrerit pulvinar fermentum ad aptent netus laoreet felis lobortis semper penatibus Sed orci Curae interdum lobortis aliquam eros sollicitudin ultricies per ad ligula sit ad nascetur congue nunc felis nulla libero in porta Aliquam taciti eros
Gloria Michael,Len@purus.net,360-958-6257,Loudon,1742507814,Quisque Pellentesque mattis quis porttitor dui mauris commodo lobortis diam quam torquent Proin odio netus magna libero Mauris odio hendrerit ridiculus nonummy iaculis amet adipiscing tempor ullamcorper viverra facilisi sodales Maecenas vulputate nisi Duis ridiculus laoreet in enim bibendum
September Eaton,Colorado@pellentesque.net,321-165-2646,Crown Point,1766596839,dignissim pharetra consectetuer Aenean aliquam Phasellus rhoncus convallis senectus lectus erat In turpis litora faucibus magna Nunc ultricies magna sapien sed morbi et sollicitudin non ornare lorem Pellentesque ad conubia pellentesque rhoncus arcu vestibulum augue dapibus convallis velit rhoncus feugiat sagittis justo sit
Julian Hickman,Beatrice@venenatis.us,856-147-4386,Brookings,1744561806,libero augue In semper massa facilisi condimentum massa nulla sit sed turpis leo blandit nonummy elit neque lorem posuere Nunc quis Curae sociosqu rhoncus eros nisi Duis malesuada Class elementum porta nostra parturient ridiculus quam facilisi inceptos mollis tristique aliquam dolor vel
Willow Petersen,Tamara@aliquam.gov,904-421-8418,Arlington,1763805248,viverra orci sapien Nunc Morbi pretium vulputate congue lacinia fermentum Nullam accumsan massa interdum lorem imperdiet volutpat nulla Proin Nunc Vestibulum pede sagittis nascetur habitant Maecenas per lectus eros varius Cum varius
Melanie Wells,Jerry@tincidunt.edu,955-527-1859,La Verne,1747524352,tempor dignissim ullamcorper Phasellus Fusce cursus rhoncus Aenean litora sit Aliquam malesuada laoreet pellentesque ut pharetra elementum sed blandit aliquet neque Duis sociis lobortis semper auctor Nulla tortor ligula ac Nullam Lorem bibendum
Stone Foster,Maia@diam.com,120-851-1918,Dana Point,1758524600,Maecenas rhoncus sociosqu nascetur Nam Lorem mauris nibh torquent Nulla turpis rhoncus rhoncus et
Isaiah Case,Bianca@tincidunt.gov,280-830-4538,Cedar Rapids,1759108357,Nulla pede Donec conubia risus Phasellus Etiam adipiscing tortor sapien arcu vehicula consequat tortor porta Ut porttitor magna odio non Curabitur eros congue
Martha Nichols,Wendy@lacus.org,999-414-5449,Corry,1756208326,Vestibulum ac elementum a amet semper lobortis commodo nibh quam Curabitur volutpat ac dapibus urna nulla aptent odio Ut Cras id auctor pulvinar dignissim in tellus taciti arcu dignissim
Quynn Herring,Wynter@ornare.edu,397-686-2211,Geneva,1748067701,pulvinar facilisi enim sem elementum placerat et per pulvinar ipsum mus auctor cubilia mauris quis ullamcorper netus mauris sociosqu scelerisque justo et mus laoreet scelerisque congue iaculis felis elit sem ultricies nunc magna fames In tristique augue euismod Nunc primis facilisi feugiat vestibulum Vestibulum eu Morbi lectus aliquet
Damian Hancock,Lesley@a.edu,726-840-6954,Columbia,1758004160,conubia taciti Praesent nibh ultricies pharetra porttitor posuere porta mollis scelerisque Cum ligula fringilla dui nostra magnis nulla Maecenas ultrices augue aliquam leo lobortis Mauris enim malesuada sociis velit amet sociis malesuada magna nunc vitae ligula auctor condimentum purus neque fringilla inceptos
Carlos Rogers,Dawn@elementum.com,997-435-4116,Davis,1747256271,mauris suscipit Lorem habitant vestibulum pharetra massa Nunc molestie tellus Suspendisse consectetuer suscipit Ut montes Etiam tincidunt ultricies rutrum porta habitant pretium ligula magna metus Phasellus eros lorem ornare ad magnis primis
Leo Rutledge,Linus@posuere.com,159-588-4561,Ketchikan,1756824574,euismod tincidunt lobortis facilisi gravida adipiscing sapien risus turpis placerat massa hendrerit elit ut vel egestas Pellentesque pellentesque torquent penatibus at orci Quisque Morbi Aliquam mus tellus Class placerat ante erat velit nisi nisl aliquet Praesent ultricies molestie Nulla arcu vel magna Duis ridiculus nibh laoreet mattis
Inez House,Davis@elementum.us,045-737-6522,Woodward,1750757158,Mauris gravida Proin Lorem placerat velit cursus pharetra Nam ultricies Nam turpis conubia mus commodo per Etiam cursus per eleifend orci id suscipit ac Curae tincidunt natoque dis iaculis convallis Fusce eleifend nec suscipit condimentum est Fusce arcu pretium fames
Maia Dotson,Orlando@rhoncus.gov,728-484-0007,Ontario,1748552300,enim Pellentesque cursus lectus pharetra justo Aenean libero condimentum facilisi consectetuer hymenaeos ad dignissim sit tempor cursus nascetur Praesent In mollis facilisi vel Cras orci enim aptent ligula ipsum luctus diam montes habitant adipiscing nisi risus placerat
Slade Poole,Chanda@tempor.net,424-676-5982,Gulfport,1761978703,Quisque rhoncus dui sed odio pede massa molestie feugiat aliquam Donec vehicula mi Quisque morbi Mauris gravida penatibus In ultrices fames sem netus egestas sociosqu augue semper aliquam pulvinar sapien mollis
Byron Greene,Porter@nonummy.us,974-331-2731,Canandaigua,1738016470,parturient feugiat eleifend erat posuere taciti porttitor feugiat venenatis imperdiet convallis dapibus fringilla consequat Class accumsan Cum ipsum elementum Curae nostra placerat arcu primis libero ante Nam suscipit Cras conubia turpis lobortis laoreet non
Leo Dyer,Gannon@tincidunt.us,072-487-0353,Bakersfield,1766621070,mus a Duis augue mattis sit elit id turpis massa ornare nostra tellus justo convallis aliquam congue bibendum rutrum per Cum dapibus quis luctus accumsan nisl facilisis Quisque vitae Mauris eleifend varius eros Nunc molestie elementum habitant eget pellentesque
Rylee Blackwell,Olga@justo.com,695-592-4633,Gardner,1747714433,Phasellus Class eros neque placerat conubia dolor ullamcorper mi arcu
Magee Delgado,Lydia@torquent.net,638-576-6295,Fallon,1760328071,mattis feugiat pede turpis Curae orci iaculis mollis ornare
Ferris Contreras,Ila@rhoncus.gov,218-622-8339,Lander,1741896868,elit rutrum magnis purus Cum faucibus porta ornare volutpat primis sapien Vestibulum egestas commodo sapien tristique nascetur magna pulvinar lectus
Warren Casey,September@enim.com,108-746-6796,Hanahan,1743110189,porttitor viverra venenatis suscipit dapibus est In Praesent Maecenas scelerisque pellentesque vulputate ut Fusce habitant condimentum ipsum ipsum sagittis suscipit enim euismod arcu gravida luctus egestas natoque magnis Nulla nonummy venenatis lectus Nam odio lacus rutrum magnis nibh in
Ima Whitney,Brian@porttitor.net,311-394-7079,West Hollywood,1765914682,quam pretium sociosqu a velit
Zeph Owens,Echo@odio.net,264-910-9890,Las Cruces,1737615459,elit Nam ridiculus tristique hendrerit nibh malesuada ultricies porta vel In
Karly Nolan,Bell@Fusce.edu,831-301-8543,Plano,1757677322,vel Curabitur laoreet sociis turpis dapibus accumsan rhoncus Integer erat bibendum felis faucibus at nostra Aenean
Bo Coleman,Lucian@non.edu,397-917-2346,Thiensville,1762782695,neque netus per condimentum
Fay Church,Lance@arcu.org,731-788-9081,Taunton,1746474767,tincidunt tincidunt augue enim auctor dictum viverra faucibus facilisis venenatis urna egestas Praesent quam ad Integer quis libero elit molestie velit lectus facilisis
Dawn Marquez,Cameron@id.com,107-589-5388,Pembroke Pines,1751514091,ultricies luctus senectus sit vehicula elit taciti sit lectus justo Cras conubia amet semper amet pulvinar arcu Etiam arcu auctor ornare erat augue velit odio natoque ad sollicitudin litora sodales dis magnis laoreet est
Kirby Cannon,Lilah@ultricies.us,837-112-8576,Gatlinburg,1745550433,a accumsan turpis hymenaeos sed semper iaculis eget ante Integer montes augue vehicula rhoncus risus vehicula Proin est id congue venenatis id adipiscing Quisque eleifend posuere dictum ipsum rutrum lorem aptent litora luctus Cras parturient venenatis velit imperdiet diam libero tortor pede massa non amet commodo nec
Lila Chavez,Ashely@nisl.com,604-592-0442,Oak Ridge,1764991044,Class dis aptent elit conubia netus hymenaeos quam Cras nostra a Ut Donec Class neque et sagittis natoque volutpat pretium id tempus ad auctor felis ut Cras tempus sociis Lorem Nulla commodo neque
Jameson Dennis,Naida@erat.us,126-298-7767,San Juan Capistrano,1754773617,Class inceptos dignissim Phasellus mi mi nunc tincidunt nisl quis senectus dolor quis Suspendisse Etiam Donec pretium nisi pellentesque torquent diam diam elit leo pretium iaculis facilisis Etiam pretium quam lorem interdum inceptos Nulla tellus justo Proin pharetra consectetuer sagittis lacinia Pellentesque Praesent malesuada dolor vitae varius posuere nulla
Kibo Medina,Andrew@convallis.net,048-861-3414,Carson City,1757276922,accumsan venenatis sem justo aliquam conubia tellus cubilia congue fames turpis
Aretha Callahan,Reagan@dui.us,476-309-8820,Louisville,1740310379,odio amet parturient sed ligula conubia sem justo Duis Lorem accumsan mollis blandit accumsan Nam elementum pretium feugiat fringilla ornare imperdiet dapibus vehicula parturient leo sem nec Nam quam et scelerisque in Vestibulum blandit Nulla viverra hymenaeos Aliquam inceptos
Eagan Morton,Aphrodite@Cum.org,358-077-6490,Norwich,1749638324,sapien sodales vulputate elit porttitor habitant porttitor senectus fermentum libero eros nisl feugiat sem In tristique lacus ultricies dolor Ut diam porttitor mi
Tucker Dillard,Winter@consequat.us,557-424-4610,Greensburg,1756987932,tincidunt Suspendisse sagittis ultricies interdum tempus bibendum Aenean mauris eget et porttitor pharetra Nulla convallis ultrices Donec dolor dapibus accumsan lorem ac consectetuer posuere odio justo cubilia accumsan adipiscing convallis purus nisi parturient ante in Nullam morbi adipiscing consectetuer ante morbi tortor sed fringilla justo
McKenzie Cotton,Brian@at.org,299-489-2396,Franklin,1764382730,congue Phasellus magnis Pellentesque libero tempor lacus dis interdum varius consequat sollicitudin arcu condimentum ante Aliquam laoreet porttitor litora Integer lacus
Todd Spencer,Anthony@lacus.org,120-438-6505,Egg Harbor,1737875654,Nulla Curae bibendum convallis lectus elementum lacus tortor suscipit suscipit justo sem scelerisque torquent morbi consectetuer habitant purus mauris fermentum vitae venenatis ante
Hayden Maddox,Jasper@tempus.net,214-147-4821,Yigo,1735873618,ut molestie interdum vulputate commodo Morbi adipiscing luctus sit quis Nulla lacinia taciti magna felis sollicitudin diam urna scelerisque porttitor sed ligula aliquet inceptos est nec Quisque dis elementum aliquam dictum
Brianna Maxwell,Timon@vestibulum.gov,877-799-1809,Tok,1749966616,torquent diam pretium ipsum
Winifred Joseph,Darius@pede.edu,914-156-8957,Jefferson City,1766645119,varius feugiat nostra ut ipsum Donec interdum eu venenatis magnis enim ligula urna condimentum ullamcorper turpis felis molestie nulla erat Cras metus nec eleifend euismod auctor risus at facilisi magnis convallis lectus tristique primis placerat cubilia Mauris sollicitudin enim justo auctor massa vitae penatibus natoque laoreet Phasellus
Sean Gaines,Kennedy@semper.edu,904-535-5928,Cerritos,1741824080,nulla cubilia sem In nascetur sed habitant Phasellus auctor Vestibulum vitae habitant magna vel convallis convallis dis condimentum Lorem lobortis Quisque ridiculus non amet
Cruz Kinney,Hoyt@magna.edu,104-053-2871,Troy,1736770260,euismod Curae scelerisque Integer hendrerit morbi ultricies Fusce Suspendisse interdum accumsan leo
Thaddeus Kinney,Quinn@Sed.org,881-182-3631,Dunkirk,1753958744,eget facilisis nascetur mollis lorem lorem lorem lobortis leo odio nibh eget eros sociis commodo pharetra sollicitudin fringilla sapien Etiam Aenean ridiculus egestas eleifend nostra fringilla nostra sapien massa Curabitur lobortis erat mauris Praesent porttitor viverra Nam
Leo Ware,Hayfa@metus.net,154-101-2355,Victoria,1762908190,Integer pede Morbi interdum porttitor malesuada nisi justo mi eget aptent ac ante vulputate tempor Pellentesque quis pulvinar
Brody Elliott,Lareina@senectus.net,518-267-7554,Deadwood,1740700584,tristique Cum congue sociis luctus aliquet cursus Proin Cum conubia ridiculus tempor ultrices mi molestie posuere elementum Class inceptos libero Class varius condimentum non Cras tincidunt nostra iaculis Cras accumsan nunc rutrum suscipit massa accumsan Curabitur commodo
Aurora Lamb,Maggy@aliquam.us,222-070-3461,Irving,1764616816,fames facilisi Etiam taciti Pellentesque amet
Susan Flynn,Hyatt@inceptos.edu,121-054-8044,Indianapolis,1753745567,Integer dui imperdiet erat tristique erat luctus ultricies nulla Phasellus congue ullamcorper natoque vulputate eleifend in Maecenas dis quis senectus hymenaeos tellus accumsan scelerisque lobortis elementum Suspendisse urna ullamcorper lacus
Craig Brown,Quemby@euismod.us,858-218-3339,Gloversville,1765112313,viverra Morbi Class pharetra pulvinar augue dapibus Sed vel odio pretium euismod Sed Phasellus
Gabriel Reese,Barry@accumsan.us,107-805-8072,Eufaula,1752817075,Maecenas vestibulum non viverra adipiscing pharetra interdum urna Integer id quis congue Nunc elit ligula penatibus malesuada massa placerat euismod erat luctus quam nascetur rutrum lorem tellus eleifend vulputate Maecenas tincidunt parturient nonummy amet id
Conan Madden,Beatrice@torquent.edu,607-496-8954,Hannibal,1743991465,ut sociosqu nunc rutrum lectus ad pharetra morbi hymenaeos semper vel litora est Aenean velit Praesent arcu hendrerit suscipit elementum mauris massa cubilia et sit mollis inceptos fermentum sociosqu nascetur Aliquam posuere faucibus Cras in habitant cubilia vel
Troy Roth,Talon@fermentum.com,824-558-1137,Chelsea,1757683101,laoreet Vestibulum erat congue a Quisque luctus diam ullamcorper Ut aliquam mattis elit Sed mattis sollicitudin id tortor faucibus Ut venenatis litora est scelerisque et Sed leo Nullam eleifend rhoncus iaculis Maecenas netus elementum id molestie Etiam
Aaron Bird,Madeson@inceptos.net,790-532-9433,Coatesville,1765808713,Cras orci dis Vivamus in gravida pellentesque est libero libero lacus id commodo sollicitudin
Yardley Moon,Kermit@mollis.com,018-160-7273,La Mirada,1756897015,inceptos Morbi elit ac bibendum lacinia felis a nec libero
Whitney Flowers,Stella@tortor.org,453-283-1619,Norwich,1751156923,accumsan vitae pede commodo ut suscipit mollis laoreet amet Suspendisse aliquam dui sodales amet pellentesque pulvinar tempor dignissim venenatis vestibulum tortor tempus convallis penatibus fames arcu Fusce egestas convallis lacinia facilisi pede habitant gravida
Hiram Maxwell,Iliana@non.org,844-853-4906,Myrtle Beach,1757722087,arcu inceptos augue cursus Vivamus hendrerit Praesent ac nulla hymenaeos tellus eu netus Class nascetur quam Class pretium volutpat magnis eget sapien arcu magna erat odio primis litora augue molestie tellus facilisi cursus primis Curabitur
Yardley Bradford,Wing@sagittis.net,199-658-7440,Ephraim,1764868384,Vivamus Vivamus interdum Mauris id justo orci Vivamus Phasellus dolor justo posuere mollis tempus litora Nulla ligula In sodales ac id Vestibulum sagittis hendrerit blandit ante facilisi
Macey Richmond,Gail@a.com,317-068-2281,Atlanta,1757072356,felis porttitor pulvinar erat ullamcorper pretium fringilla at Suspendisse ac Suspendisse imperdiet Nam hymenaeos nulla sapien suscipit viverra a neque faucibus vehicula convallis magna nisl Curae aliquet augue Morbi egestas magnis aptent natoque lobortis suscipit quam torquent Suspendisse suscipit feugiat elementum dui quam odio in Lorem
Kylee Cohen,Hunter@turpis.net,611-468-1753,Sacramento,1757388590,euismod Proin malesuada netus sem non
Sigourney Howe,Fuller@nisl.gov,634-456-1601,Milwaukee,1750041938,turpis commodo consectetuer mollis commodo libero sociosqu augue aliquam Mauris tincidunt Class facilisis ridiculus arcu habitant Phasellus ac odio Donec nonummy Aliquam Class libero ipsum pretium suscipit dis facilisi enim lorem nonummy mauris fames sodales in hendrerit ullamcorper hymenaeos est Class nascetur ac elit vestibulum justo a
Kirk Mckay,Ursa@mus.org,377-612-9399,Woonsocket,1765371076,ornare eu dui mauris lobortis mauris facilisis Etiam Proin at Vestibulum eros netus penatibus mus conubia sed feugiat Vivamus ligula
Lesley Mckenzie,Demetrius@magna.com,050-134-1438,Houma,1762282993,vehicula gravida elementum erat volutpat morbi malesuada eu pretium vel facilisis conubia et Curabitur blandit malesuada tristique felis lobortis ante mi quis sapien
Nyssa Stokes,Ifeoma@felis.com,623-612-5239,Des Moines,1751551322,neque Curae cubilia ridiculus hendrerit non semper dis augue pharetra ultricies sed Class tellus Integer Curae eros ultrices dis per vitae mollis luctus pretium enim enim Mauris vestibulum non at Mauris id iaculis lacinia conubia tellus nulla aptent at
Patience Burks,Victoria@malesuada.org,549-230-2103,Waco,1744482105,at convallis condimentum sapien orci metus interdum ad
Ursa Moran,Noelani@magna.org,222-616-9030,Clarksville,1741856047,nisi sagittis aptent tristique sed Nunc tempor non venenatis vitae senectus Praesent Vestibulum semper Praesent Praesent tortor velit semper orci elementum sem per enim molestie augue cubilia sollicitudin semper tristique Duis
Richard Page,Quin@nascetur.com,954-227-0012,Del Rio,1765898098,cubilia aliquet facilisis volutpat sem tempus nonummy Nam pellentesque mi eros Duis eleifend tempus felis velit elementum Cras rutrum egestas nibh quam magna elit gravida feugiat massa mus tellus Curae tincidunt dolor sem lacus nisl hendrerit eget Ut accumsan placerat faucibus
Brielle Stein,Kaye@habitant.net,521-172-0211,Belpre,1738904271,ante augue vehicula Morbi Nulla dictum habitant ultrices sociosqu felis eget Sed Nunc interdum vel Lorem neque nisl facilisi taciti mi pulvinar dolor molestie luctus et mus ridiculus porta magna at nisl ultrices id Aliquam Fusce nisl Maecenas Vivamus eget Aliquam dapibus euismod arcu fermentum sem
Amena Robinson,Elliott@suscipit.net,336-696-1175,Suffolk,1755342385,lectus Duis elit velit tincidunt congue Ut bibendum Morbi ligula molestie
Yoko Madden,Justine@hymenaeos.net,033-347-1555,Wisconsin Rapids,1760565977,Vestibulum amet arcu parturient facilisi nisi massa netus turpis nascetur iaculis rhoncus vitae congue adipiscing luctus luctus accumsan tincidunt nunc tellus mus In neque aptent pretium cubilia Nunc in
Allistair Alford,Mia@scelerisque.edu,524-485-6877,Enfield,1748686457,Nam blandit Praesent aptent conubia ac fermentum augue arcu torquent pulvinar Aenean mus inceptos tincidunt sociis montes senectus parturient ridiculus purus scelerisque condimentum litora
Ross Griffin,Graiden@commodo.gov,366-917-5916,Burlington,1763574890,habitant convallis libero mattis Pellentesque porta massa Etiam per lorem In sit fames tellus nisl magnis dictum ultrices varius Aliquam facilisi sodales sit sociis ligula risus aliquam montes ac Nulla Nunc
Lavinia Schneider,Yuri@ridiculus.org,536-880-7460,Jordan Valley,1742027875,posuere tellus vitae tristique Ut Vivamus sem libero dapibus sagittis turpis id Mauris magna lectus dolor pellentesque dui elementum Morbi
Basia Boyer,Jolie@aliquam.com,981-632-9523,La Crosse,1747176902,Duis viverra imperdiet consectetuer Vestibulum lectus
Daquan Webb,Burke@penatibus.edu,054-744-5394,Walnut,1740722576,massa Curabitur Duis lacinia pede vitae viverra viverra malesuada mauris Aliquam justo auctor Mauris in dolor eget tortor porttitor Proin ligula malesuada fringilla euismod litora Proin Integer hendrerit quis laoreet Integer Curae lacinia fermentum ultricies primis scelerisque convallis bibendum parturient malesuada pulvinar velit Morbi ut nostra ultricies volutpat elementum quis
Malcolm Washington,Lara@quam.com,897-274-2662,South Burlington,1753587577,magna erat imperdiet porttitor lorem tempor sagittis aptent egestas taciti faucibus iaculis ad consequat tristique Class Pellentesque eget Nullam primis pretium et condimentum pulvinar ridiculus faucibus Curabitur sollicitudin Curabitur Ut mollis pretium nonummy metus Proin Phasellus vitae cursus
Peter Ballard,Kimberley@ante.net,841-598-4693,Lomita,1751096391,sit est eget conubia Mauris gravida id eget at adipiscing id nunc eget convallis mollis velit Donec dolor metus felis enim odio taciti Nam Cras dapibus porttitor vestibulum tempus ad
Macey Underwood,Sacha@lacus.org,628-765-7165,Dayton,1759427936,natoque congue nec Integer pellentesque habitant lacus eros Nulla rhoncus hymenaeos Aenean hendrerit Suspendisse Aenean Sed quam cubilia consectetuer luctus tellus
Noble Gill,Signe@nisi.us,933-172-9791,Middletown,1760457279,elementum interdum tempus convallis condimentum tortor urna enim consequat volutpat malesuada lorem sociosqu amet habitant luctus aliquet nibh senectus In turpis tempor elit Lorem et auctor vehicula et porta quam magnis magnis nisl lorem nibh viverra natoque Curabitur Ut
Adara Bullock,Xantha@Ut.com,905-910-3185,West Warwick,1752059369,justo erat Vivamus
Lacota Hess,Olivia@nostra.com,718-653-4891,Clearwater,1754928203,Praesent ante Nunc nunc Ut primis penatibus felis condimentum Nulla pellentesque Curabitur elit libero laoreet dignissim mauris amet mattis cubilia ornare dui at sociis Aliquam ante nunc metus neque Vivamus vestibulum eu pulvinar ultrices congue dolor
Aurelia Gonzales,Tamara@ad.edu,421-428-1297,Holyoke,1761095088,ad magnis felis tempus semper auctor molestie Morbi luctus magnis luctus Praesent sapien facilisis dolor ante leo torquent dapibus fringilla semper lacus netus interdum molestie magnis imperdiet volutpat cursus felis tempor arcu varius
Caldwell Kim,Katelyn@sed.org,782-350-0427,Niagara Falls,1740968020,gravida nisl Suspendisse dui suscipit penatibus aliquam habitant fermentum per magna volutpat purus varius blandit pretium Duis Proin blandit vulputate semper dictum mus leo ut montes Sed aliquet dictum inceptos commodo ultricies suscipit vitae sagittis nec faucibus sociis quis
Carl Savage,Kerry@torquent.gov,583-024-8052,Revere,1744349774,justo cursus Quisque nunc bibendum Nullam Integer pretium nec ligula ad dui conubia Aliquam aliquet Nullam lorem in Fusce cubilia in sagittis rhoncus facilisis gravida dis ornare
Kiayada Pacheco,Gail@eget.net,002-207-7523,Egg Harbor,1738800629,vestibulum porttitor facilisi elementum ipsum
Christine Solomon,Scarlet@scelerisque.net,033-428-8459,Danville,1756253518,ultrices tempor senectus lectus penatibus habitant consequat placerat dignissim accumsan magnis blandit pulvinar sodales Integer interdum nisi Morbi aliquam sit Integer pede metus elementum Aliquam Nunc vehicula pharetra mus lacinia fames Class Proin fermentum sem fringilla neque non augue sodales Duis tellus lorem Sed interdum vehicula magna mattis malesuada
Xanthus Gilbert,Brenna@morbi.com,342-434-7765,Lake Charles,1744604630,quam nascetur dolor natoque ac Vestibulum primis sociosqu tempus Maecenas laoreet sagittis Etiam magna varius lectus a adipiscing lacus senectus ad rutrum tortor tempor Cras risus ultricies mollis congue per Vestibulum bibendum viverra Donec nostra elementum ultrices Nunc elit
Emerson Morrison,Dai@Maecenas.us,687-849-6728,Joplin,1738660650,facilisi massa mauris vestibulum quam volutpat Vivamus Mauris dis commodo velit habitant enim mauris quam fames et egestas molestie varius Curabitur rhoncus rhoncus ultrices ultricies litora imperdiet sociis
Keely Carson,Liberty@primis.gov,520-203-1261,La Mirada,1736561963,metus tristique est vehicula ut velit
Gisela Dawson,Roth@pede.us,821-414-4522,Des Moines,1738684772,parturient vulputate magna vehicula conubia libero dui ullamcorper netus pretium posuere purus semper eleifend libero suscipit purus tortor odio penatibus Quisque eleifend sodales id egestas est Suspendisse Cras lacinia dictum nonummy scelerisque magna Sed imperdiet taciti mattis molestie Donec mattis eros lacinia tempus
India Sharpe,Unity@pellentesque.gov,861-051-4261,Fort Smith,1766689976,dui Fusce cubilia orci vehicula mattis Duis Integer Class Integer dapibus Donec eget bibendum
Ifeoma Wilkins,Daniel@laoreet.edu,345-777-4370,Arlington,1740868094,penatibus facilisi Morbi Quisque Cras turpis tempus vel egestas porttitor Lorem Integer ornare sociis dapibus nascetur diam ipsum aliquet Mauris tempor sed Cras Phasellus luctus Proin tempus sed laoreet hendrerit lacus sit turpis nascetur pellentesque sodales Nullam nulla Mauris odio Pellentesque elit mauris auctor dapibus habitant purus blandit pretium
Lucas Castro,Alfreda@suscipit.org,798-770-1760,Woodruff,1752330534,ante porta tellus placerat fames ultrices Lorem tempor dui ipsum dignissim Etiam Nullam morbi accumsan Donec diam sem eros Mauris tempus felis nulla tincidunt tempor inceptos montes turpis pulvinar eros varius sagittis faucibus faucibus pretium congue felis lacinia Nunc semper
Jared Sears,Damian@pulvinar.edu,626-855-8159,Gilbert,1765601205,ornare Curabitur libero ligula Praesent torquent interdum Cras penatibus Aliquam facilisi aliquam condimentum molestie Aenean augue
India Salazar,Jorden@nibh.gov,852-015-1941,Hartford,1748133101,aliquet per dignissim consectetuer turpis euismod augue Praesent eu dapibus per pharetra eros varius sociis sodales Phasellus adipiscing felis et vitae arcu blandit habitant nec
Erica Frost,Giselle@dignissim.us,756-670-8351,Bowling Green,1763731803,netus sollicitudin litora sodales Cum nonummy semper Cras a tempus laoreet molestie feugiat nonummy Vivamus urna Mauris nec sed penatibus Lorem lobortis sapien ante sagittis at Aenean dapibus imperdiet tristique ipsum posuere scelerisque laoreet nostra Donec Nam lacus euismod laoreet lacus sit feugiat turpis iaculis
Sade Thornton,Ishmael@eros.com,219-927-6946,Dickinson,1765936714,lacinia nostra Duis dignissim nonummy Aliquam Ut risus quis felis sollicitudin
Reuben Page,Lyle@pharetra.gov,854-857-1177,Denver,1748678339,leo nostra suscipit pellentesque ridiculus enim natoque penatibus bibendum eleifend Sed Class viverra fringilla aptent semper fames euismod justo
Giacomo Tucker,Hiroko@quis.net,834-808-3100,Menomonee Falls,1749576813,sed fames mauris semper purus nec
Catherine Burgess,Hayfa@porta.gov,645-624-4343,Maywood,1746262437,nisi mattis dolor sociis cursus lectus non ultricies Suspendisse facilisi lectus posuere auctor eu laoreet quam urna diam non interdum nibh auctor sodales accumsan
Lewis Talley,Ronan@erat.edu,059-058-5285,North Pole,1764078347,Sed mauris varius leo odio accumsan Donec Duis enim placerat Duis ridiculus congue Phasellus nisl mollis Sed Vestibulum eu nunc Nam montes nostra imperdiet malesuada ornare purus sociis mi feugiat diam eu quam fames sagittis lobortis vestibulum ultricies
Irene Johnson,John@consequat.org,664-735-5062,Fairbanks,1762956290,Maecenas Nulla Mauris velit conubia sodales aptent euismod bibendum adipiscing quam mollis Vivamus lorem consequat
Hunter Bonner,Jameson@sociis.us,722-415-0162,Rohnert Park,1737685251,luctus ullamcorper porttitor Lorem Praesent nunc lorem litora risus massa faucibus mauris nisi amet mi sem nostra facilisis facilisis hymenaeos montes habitant dolor lobortis habitant purus porttitor Quisque nec Aliquam taciti lectus hendrerit justo facilisis lacus ipsum sapien orci pulvinar
Lani Kennedy,Imelda@primis.net,753-699-7235,Dalton,1735828029,lectus dui ullamcorper mi rutrum faucibus lectus faucibus Vestibulum
Amery Stokes,Colin@netus.gov,265-517-0715,Perth Amboy,1757971546,eleifend nostra volutpat facilisi Praesent Mauris Praesent lacinia dolor rhoncus mauris metus Morbi eleifend placerat fringilla blandit convallis aptent in feugiat Ut primis gravida porttitor placerat cubilia
George French,Kaseem@quis.edu,772-616-5779,Saint Joseph,1740777406,bibendum mi volutpat Praesent aliquam ac nunc pede blandit interdum mus ullamcorper molestie natoque ornare morbi ipsum sapien erat conubia in est per amet parturient mus et conubia turpis euismod ridiculus morbi dolor blandit venenatis consectetuer urna in aliquet pede elit
Kimberly Henson,Arden@urna.edu,574-081-9673,Hanahan,1764387330,ad In Etiam volutpat inceptos molestie mauris augue pellentesque dui ultrices Class Etiam feugiat conubia venenatis libero pede eleifend aliquam at enim Suspendisse Curabitur Phasellus volutpat nisl Morbi a neque bibendum taciti velit ornare commodo Pellentesque Integer tellus penatibus lorem volutpat torquent nisi consequat lacus Morbi natoque ornare magnis
Guinevere Vasquez,Mercedes@nisl.gov,151-563-1421,Princeton,1763878836,in mi mauris natoque nonummy ipsum Lorem rutrum tellus penatibus ridiculus egestas semper Lorem dis mus libero litora morbi mattis leo orci mus sit nec Class accumsan Morbi hymenaeos conubia a nisi
Valentine Ashley,Kennan@Sed.us,029-549-1868,Agoura Hills,1741018915,adipiscing enim sem justo mollis at sed porttitor posuere condimentum placerat aliquet Nam elit tellus est eu turpis lectus conubia posuere Phasellus Proin Integer pretium parturient massa
Camden Raymond,Driscoll@mollis.org,580-104-5782,Northampton,1763677421,est sapien ornare inceptos eget pulvinar ornare Vivamus vestibulum justo fames commodo montes penatibus erat ullamcorper iaculis Curae fringilla at neque
Ruth Melton,Anika@vehicula.net,336-040-2612,Berlin,1743335326,nascetur elit condimentum scelerisque Pellentesque elit natoque metus vulputate lobortis pede lacinia eu risus Lorem congue hymenaeos in Suspendisse malesuada sit Donec vitae pellentesque ante convallis natoque bibendum eu ornare fermentum Curae netus ipsum augue mollis
Nolan Wilkins,Xavier@ante.gov,461-454-7356,New London,1746600813,felis semper Nam fringilla Vivamus per Vivamus nec risus sagittis sed litora vulputate ante est gravida natoque justo torquent dis mattis turpis Lorem rhoncus Cras libero dapibus ut morbi feugiat senectus conubia consectetuer aptent Quisque hendrerit adipiscing taciti in vitae eu mollis venenatis Pellentesque vestibulum non fermentum litora aliquet elit
Adrian Nolan,Reed@elementum.com,641-174-5105,Wisconsin Rapids,1749815554,hymenaeos torquent Integer Nam laoreet ullamcorper Class dignissim nonummy purus taciti Vivamus mollis nunc quam malesuada Phasellus malesuada nostra Aliquam montes Suspendisse aptent ipsum eget nibh ullamcorper
Noble Goff,Paul@felis.com,320-551-9301,Frankfort,1745488686,laoreet mi Aenean
Keely Skinner,Tatiana@iaculis.gov,893-430-0850,Bremerton,1757164138,ultricies iaculis Integer lectus mi Aenean turpis scelerisque hymenaeos lacus malesuada felis magnis hymenaeos purus per Fusce porttitor Quisque Mauris rutrum rutrum ad adipiscing sollicitudin Nunc morbi Curae
Jarrod Ingram,Emerson@justo.org,907-694-4778,Dothan,1751578588,commodo sodales leo natoque Ut feugiat varius morbi semper Vestibulum laoreet laoreet ullamcorper cubilia cubilia lorem Vestibulum lacinia congue metus dapibus libero congue tortor tortor tellus mus molestie parturient sagittis
Leigh Lucas,Cairo@penatibus.us,681-408-5149,Meadville,1741171541,ultrices nec commodo Quisque sollicitudin auctor venenatis Proin porttitor elit sociis dictum massa nascetur Aenean Nunc vestibulum parturient venenatis Class egestas lectus vulputate luctus
Kelsie Barlow,Vincent@netus.com,014-159-2263,Woodruff,1762204199,eu fringilla rhoncus quam nibh aptent habitant Maecenas sociis Quisque ipsum
Oleg Sosa,Roary@nulla.us,333-695-9892,Meriden,1751517581,adipiscing nibh Curae suscipit tellus Maecenas rutrum ridiculus turpis pulvinar venenatis Lorem urna primis tortor ullamcorper purus imperdiet eros odio Fusce
Ferdinand Newman,Gloria@fermentum.org,475-990-6193,Joliet,1753512513,accumsan Maecenas inceptos feugiat Curae nulla Nunc pulvinar sapien morbi nibh venenatis ridiculus consequat cursus dictum conubia Class
Flavia Miranda,Ali@sociis.edu,614-005-5079,Sunbury,1737902177,neque montes Quisque mi Integer nisi feugiat volutpat sem taciti netus orci augue facilisi Etiam at conubia nisi at Morbi varius conubia aliquam ultrices eget vitae porta aliquet blandit erat cursus eu tortor tincidunt dis taciti lectus egestas vestibulum fermentum risus dignissim a vehicula varius
Dale Hernandez,Camden@diam.edu,778-732-9154,Everett,1748684835,Cum nostra vitae semper
Jamalia Oneill,Imelda@felis.com,801-610-7729,Saint Cloud,1750795281,convallis luctus facilisi Aliquam Class luctus vel In semper nec pellentesque venenatis commodo congue lorem Curae rhoncus inceptos orci volutpat faucibus natoque facilisis orci lacus taciti aptent lacus Morbi aliquet sociosqu sapien fames adipiscing tincidunt neque semper arcu dapibus morbi ante elit hymenaeos pede felis
Amanda Jefferson,Zena@justo.edu,557-651-4513,Bessemer,1764092362,dictum pharetra Maecenas mattis auctor pharetra Integer sed euismod Praesent dapibus netus Proin sociis Curae ornare litora Duis vehicula justo amet quis mollis non montes ultrices Vestibulum mollis taciti Cum mattis dui tristique porttitor urna volutpat feugiat Aliquam primis bibendum Praesent malesuada vulputate egestas lacinia arcu euismod facilisis porttitor
Irene Wood,Fulton@habitant.us,314-068-9719,Laconia,1764859643,ultrices dapibus leo diam bibendum elit commodo justo netus iaculis tincidunt Fusce diam porta auctor arcu hendrerit aliquam habitant euismod vehicula a
Xandra Atkinson,Shelby@nisi.gov,393-629-4231,Nashville,1750657425,sit consectetuer justo primis ligula turpis pede dis taciti dapibus penatibus mattis mus purus Ut natoque inceptos consequat porttitor Nullam suscipit risus accumsan ligula adipiscing ullamcorper aliquet nulla montes sodales Integer molestie
Cecilia Sweet,Driscoll@volutpat.gov,748-394-4497,Parkersburg,1762282517,Praesent hymenaeos ligula Cum egestas libero Pellentesque mus convallis libero pulvinar at mi eleifend facilisi vel sociis Ut quam rutrum hymenaeos malesuada elementum lobortis mollis pede dictum per interdum lobortis porttitor pellentesque arcu ut fringilla dignissim pede aliquam inceptos Fusce ultrices torquent ultrices Etiam malesuada augue est tortor
Jordan Woodard,Olivia@arcu.org,570-298-3543,Middletown,1766728841,ipsum lorem elit mollis nibh consequat metus varius congue convallis lacinia Proin penatibus consequat Cum congue Etiam vehicula luctus commodo felis viverra natoque dignissim elementum bibendum ultrices Sed ad porttitor rhoncus fames convallis dignissim
Brock Keith,Kitra@hymenaeos.gov,829-445-9941,Dodge City,1743035182,vestibulum cursus ridiculus hymenaeos natoque Fusce sociis scelerisque felis lobortis orci scelerisque justo taciti dis Nunc nisl congue velit neque erat dignissim aptent in imperdiet tempus Class fermentum Nunc sociis fermentum gravida Nullam
Juliet Donovan,Brent@tortor.org,794-492-0896,Chula Vista,1755722347,Cum aliquam venenatis molestie vehicula parturient nisl rutrum sem Nunc facilisi sollicitudin magna Vivamus torquent porta mattis amet Vestibulum ipsum pellentesque adipiscing sollicitudin commodo conubia tristique lacinia lectus porttitor fames per accumsan facilisis volutpat Donec erat tellus laoreet posuere enim Suspendisse risus arcu lacinia hendrerit
Miriam Delacruz,Jaden@Etiam.edu,425-851-0562,Fullerton,1748874533,inceptos purus adipiscing aptent nisi nascetur sociis facilisis nibh ac Cum morbi torquent consequat Nam ut aliquam Proin cursus pretium est sociosqu netus ipsum cursus Class sociosqu primis et mi torquent sociosqu elit est primis elit dolor hymenaeos nascetur nulla per mi nonummy at Integer tellus Quisque fermentum montes Pellentesque
Adrienne Wynn,Ella@lobortis.org,168-108-7716,East St. Louis,1738027931,rutrum sem Suspendisse pretium Aenean dignissim Donec sociis sociis et ad pretium mus montes
Linda Fitzpatrick,Maryam@natoque.us,312-856-3914,Richland,1755043151,purus Nam Duis Phasellus sit est tortor torquent dui vehicula nascetur sit nulla dignissim neque netus semper gravida et habitant tempor luctus viverra accumsan mi egestas Aenean pharetra Fusce faucibus quis vel ad tincidunt tortor enim at at tellus In sed Suspendisse
Ciaran Roman,Imelda@magna.gov,097-351-5266,Eufaula,1741806169,nisl dictum mauris tellus lorem gravida ultricies nascetur nec Integer gravida nibh condimentum ipsum eu viverra facilisi placerat Vestibulum leo Vestibulum Nam primis ultricies aptent risus hymenaeos torquent mus eget placerat sodales egestas natoque Duis cubilia parturient nonummy velit condimentum massa lacus nisi habitant
Tyrone Hopper,Scott@ante.gov,480-206-8830,Sharon,1742655882,nec vel pretium Nam nisi consequat eget
Drake Wilcox,Jerome@ornare.gov,429-385-9822,Grand Island,1753042073,Integer taciti euismod ante per eros gravida dis sociosqu facilisi metus mi eu tristique rutrum eleifend lorem viverra a ad auctor commodo augue quis netus mi lorem per at sed dapibus nisl magna ut Phasellus Sed magnis eu dapibus Pellentesque Vivamus mollis tempus massa pellentesque sagittis bibendum cubilia faucibus adipiscing
Maxine Solis,Rana@inceptos.gov,098-574-3962,Green Bay,1743752803,tempor Quisque augue faucibus libero morbi torquent Cum fames Curae tellus ante inceptos aliquam pede eleifend fermentum elit suscipit at nonummy suscipit tortor
Aileen Duffy,Keefe@in.edu,077-549-5329,Vancouver,1751694721,nisl venenatis diam consectetuer
Lois Tyler,Iola@sed.edu,857-772-0437,Port Arthur,1749766761,rutrum Mauris tristique parturient vel nisi pulvinar Lorem primis tortor ante et dapibus ad parturient cubilia malesuada eros Vivamus cubilia cursus volutpat purus eros nunc ultricies vestibulum magnis Morbi senectus aptent diam gravida euismod
Allen Jordan,Tobias@Curabitur.edu,072-116-2320,Grafton,1755259178,Phasellus ac senectus rhoncus ac dolor pretium Maecenas enim aliquet commodo montes Duis quis hendrerit magnis bibendum litora cursus placerat arcu ad ante vehicula interdum dolor Cras vehicula Nunc faucibus sociis
Colin Walls,Macy@est.net,503-588-3473,Indio,1757236122,torquent turpis primis nibh per ipsum pretium vitae pharetra orci vulputate volutpat commodo placerat mus lectus
Ella Osborne,Nissim@nostra.edu,580-778-4511,New Iberia,1766742873,consectetuer ultricies primis porta interdum imperdiet luctus semper commodo non sem porta primis rutrum nascetur hendrerit congue nascetur luctus nostra tempus dapibus pede habitant lacinia sollicitudin tristique faucibus amet amet nunc fames parturient vulputate luctus Class nascetur Nam
Ross Gardner,Vivien@Fusce.net,088-764-6425,Agoura Hills,1760930611,aliquam risus lacus orci sit blandit sociosqu lorem Cras risus iaculis Mauris conubia eu lectus netus fringilla rhoncus Ut Nullam porta vulputate non Curae elit justo ligula lobortis montes consectetuer consectetuer feugiat nulla non Etiam vestibulum turpis Aenean dui varius accumsan gravida neque
Joan Hensley,Nathan@neque.com,842-815-8986,Plattsburgh,1765107854,lacus bibendum quis lectus tincidunt lorem placerat a fermentum dolor tellus facilisis tempus dolor in nisl
Gail Serrano,Melissa@sapien.net,292-383-3872,Nevada City,1757376566,cubilia inceptos vestibulum aliquam Cras Ut Integer ligula Praesent inceptos ligula magna porta Aenean feugiat ultricies Sed sodales risus posuere habitant dapibus sit pharetra Proin sodales eu Lorem morbi nascetur Lorem feugiat Quisque lacinia senectus porta pede at Mauris pharetra
Tatum Christensen,Venus@ut.edu,892-598-1357,Klamath Falls,1760710357,euismod blandit dictum libero pretium varius habitant natoque bibendum bibendum commodo vestibulum scelerisque Proin taciti lacus nonummy lacinia nunc leo diam dignissim netus Nulla molestie iaculis volutpat volutpat aptent Sed Phasellus fermentum porta convallis ultrices gravida bibendum sit
Brenna Rhodes,Candice@Integer.net,015-853-4880,Spokane Valley,1737484196,eleifend nascetur Nulla hymenaeos sapien nulla elementum magnis pulvinar ultricies Curabitur ornare eu Morbi sollicitudin aliquet mi placerat vestibulum massa amet eleifend viverra tempor sed augue pede adipiscing sociosqu sagittis blandit sodales dui purus elementum pharetra ultrices neque in aptent mus sollicitudin at dis
Colby Mckinney,Geoffrey@congue.gov,736-983-0061,Moore,1756209877,ad consequat ridiculus
Risa Franco,Ryder@montes.us,293-998-3342,Gilbert,1743944051,id ad fermentum augue nisl Aliquam euismod ullamcorper ut lectus hymenaeos iaculis magnis sociis In mollis augue justo molestie pede Integer facilisis porta ultrices placerat imperdiet sociis sed lacus facilisi at mauris mattis ultricies Quisque dictum eleifend ornare tempus quam enim at Phasellus fermentum feugiat dui magna
Idona Donovan,Camilla@adipiscing.com,708-824-6689,New Madrid,1748837339,amet taciti Aenean id ultricies et fames dictum varius vestibulum egestas Etiam Vestibulum sit feugiat mus habitant Duis mi penatibus ac suscipit venenatis Mauris egestas malesuada Integer
George Herrera,Yetta@penatibus.net,109-749-4084,Bethany,1751054363,mattis neque sapien Praesent accumsan augue Nullam Aliquam Maecenas sapien nulla urna odio facilisi ante Sed rutrum vestibulum condimentum malesuada mattis leo et fames ad rutrum accumsan ante Integer aptent facilisis egestas ad primis dui cursus Ut luctus ullamcorper a Morbi
Ashely Snider,Jeremy@luctus.edu,705-521-6607,San Clemente,1766392541,dignissim euismod magna sodales nunc eget Ut pretium parturient Cras eros ultricies tempor mus venenatis semper Praesent Nam auctor neque
Daquan Mann,Kathleen@In.net,805-882-0705,Biddeford,1764840950,cubilia per sed
Hu Willis,Cadman@ridiculus.org,656-943-2111,Monongahela,1760532040,Cras at Cras pretium scelerisque cursus eleifend scelerisque aliquet tincidunt mattis lacus venenatis viverra turpis massa Nullam Vivamus in ultricies consequat quam tempus Vestibulum egestas odio fames parturient viverra in consequat euismod porttitor non quam Morbi facilisis ridiculus
Jeremy Flores,Christopher@risus.gov,727-971-1302,Newport,1755122957,massa Curae justo lectus congue Aenean Lorem
Zeus Phillips,Rowan@mattis.gov,391-835-7483,Beloit,1753868237,condimentum ornare pharetra varius leo interdum nec Quisque mi dictum metus eget neque eros vitae Aliquam at fringilla pretium Nam sagittis sodales senectus et luctus Vivamus Donec
Indira Ryan,Rafael@nisl.gov,606-082-0879,Fort Collins,1741605231,Mauris massa neque sagittis facilisis purus ridiculus mollis magnis ridiculus tortor odio interdum Curabitur imperdiet lacus amet lacus facilisi posuere auctor
Maia Peck,Kato@elit.gov,761-182-5726,Wheaton,1737789498,Curae vestibulum mi ac gravida faucibus rhoncus molestie facilisi Integer Duis sociosqu pede Mauris montes nonummy malesuada vulputate nisl condimentum montes arcu libero Integer Nunc ultricies Nullam posuere ac euismod Duis nulla pharetra porttitor molestie tempus Mauris
Brendan Mccarty,Gretchen@urna.com,663-394-7906,Frederick,1745213504,Sed scelerisque enim enim sodales hendrerit ornare a sed vestibulum ridiculus libero convallis sit luctus
Ashton Orr,Sierra@consectetuer.net,188-867-9866,Winston-Salem,1765147889,enim per posuere dapibus nunc fermentum tincidunt luctus viverra quam vulputate augue semper ullamcorper justo congue Suspendisse Class diam faucibus fames
Tanya Buchanan,Bree@at.us,226-639-5269,Eau Claire,1753558402,orci dui placerat tortor morbi torquent Ut aptent fames Etiam euismod Ut ut urna pretium adipiscing nascetur mattis senectus porta ullamcorper tempus dis nisl aliquet eget Proin lectus ante Etiam massa in non vehicula eget morbi dignissim tempus sed lacinia augue ultrices sagittis lacus Sed Morbi
Felicia Wiggins,Orla@ligula.edu,599-683-1123,Philadelphia,1742204046,euismod aptent scelerisque Lorem lacinia Curabitur Praesent ad diam ut euismod commodo consectetuer sem congue pharetra molestie magna vitae cursus tortor litora dignissim leo nec habitant Pellentesque nonummy condimentum Cras
Elaine Chaney,Fallon@amet.net,821-517-8109,Lakeland,1750820483,consectetuer fames Cras varius Suspendisse in Integer sollicitudin arcu eget Cum nisi pretium Nunc Cum aliquam Quisque justo mus ut hendrerit aliquam tortor
Xandra Underwood,Lacey@in.net,700-125-0032,New Orleans,1738600421,malesuada pellentesque Duis lacinia hymenaeos Lorem ac rutrum et Cras diam sagittis bibendum Fusce mattis leo tellus vulputate justo Nunc conubia eget velit morbi sollicitudin pharetra magnis vitae vitae Vestibulum natoque tempus vehicula vitae varius tortor aptent conubia tincidunt pulvinar ridiculus feugiat aliquet
Lucy Lopez,Jamal@facilisis.us,968-514-9240,Oneonta,1750746720,libero commodo elit Morbi sodales Etiam ultrices lectus Vestibulum tristique sit fermentum congue Aenean ridiculus vulputate sit egestas tempor magna in lorem quis Lorem sollicitudin libero feugiat massa Aliquam nibh non Aliquam Nunc pharetra dui litora eros Morbi facilisi scelerisque dignissim Aenean feugiat litora posuere
Amena Perry,Hanae@neque.gov,067-716-9822,Rome,1739785042,urna ultricies Nullam erat nascetur at fringilla at dui dictum Nulla tortor ligula molestie auctor placerat egestas commodo erat vitae dictum sodales condimentum quam felis mi sodales ac Nunc augue enim tristique dui volutpat ligula Proin nascetur inceptos
Wing Reeves,Howard@varius.us,424-352-0897,Lebanon,1751408045,dis augue Cum laoreet ut Pellentesque aliquet hendrerit nisi tincidunt Aenean posuere diam cubilia orci netus sapien metus Suspendisse ultricies ridiculus odio id cursus fames aptent eleifend In fermentum netus
Lucian Gray,Zorita@ligula.gov,063-173-1466,Greensboro,1755114930,libero hendrerit mauris odio pharetra condimentum Ut Cras ac Quisque volutpat ad lacus vulputate penatibus ligula Curae gravida habitant gravida auctor
Chaim Acosta,Jeremy@Suspendisse.edu,663-412-6072,El Segundo,1758460173,venenatis accumsan nec varius sapien Cras Duis imperdiet mauris sollicitudin vehicula facilisis conubia elit primis aliquam pede lectus Integer dis a ultrices dis consectetuer orci lectus Nam turpis lectus fringilla primis imperdiet nibh scelerisque risus sociis imperdiet nonummy dui
Silas Gordon,Grant@iaculis.us,569-766-9381,La Jolla,1751427681,turpis a Etiam erat Suspendisse ut molestie Vestibulum magnis enim laoreet cursus et adipiscing pharetra Etiam hymenaeos sociosqu ut eget vitae diam penatibus justo velit Donec urna non dignissim aliquam venenatis laoreet blandit egestas faucibus
Dante Sanchez,Neve@dui.com,744-109-9202,Laguna Beach,1762874058,Sed inceptos nulla dui montes feugiat semper at aliquet cubilia quam malesuada turpis Morbi sociis molestie turpis tempus Duis libero semper tempor mollis sit sollicitudin semper mus Class convallis conubia bibendum pellentesque Duis nostra tincidunt
Carissa York,Brielle@condimentum.gov,266-629-5389,Arlington,1749011024,viverra tellus dignissim sed
Neil Sweet,Dana@cursus.us,720-713-1950,Nichols Hills,1745667695,quam commodo augue urna sed fermentum cubilia suscipit nibh semper mauris elementum egestas elit suscipit dis netus malesuada Curabitur parturient a lacinia sapien iaculis torquent vulputate Suspendisse malesuada tristique accumsan Aenean taciti blandit facilisi nunc vestibulum fringilla
Keiko Douglas,Dylan@varius.us,037-061-8662,Scottsdale,1738949193,Class dignissim feugiat consectetuer montes ut hymenaeos viverra consequat sagittis
Maile Donaldson,Noelle@quam.net,969-267-2638,Boise,1747729499,mi aliquam Integer interdum ad gravida suscipit urna morbi accumsan neque natoque Quisque euismod aliquet sollicitudin convallis purus sollicitudin quis lobortis pharetra vitae Etiam nunc mollis Phasellus blandit Nulla iaculis sagittis
Blossom Frazier,Lance@Mauris.org,947-557-0583,Claremore,1757858297,facilisis pretium Donec Lorem imperdiet netus Lorem dui ad Lorem hendrerit quam Lorem odio morbi Proin blandit penatibus nonummy nostra aptent hymenaeos ipsum magnis Etiam iaculis volutpat dignissim porta sed elementum Aenean ornare litora
Doris Rowe,Caleb@facilisis.net,766-320-3302,Watervliet,1750615209,eu fringilla Quisque justo commodo convallis hendrerit Nullam Vivamus
Adam Dickson,Daryl@cubilia.net,578-133-2892,St. George,1763450164,et nulla pretium Nam a ante rutrum sollicitudin nunc ante Class volutpat velit molestie a a imperdiet lorem mi ultrices aliquam eleifend sed
Burton Mendez,Lawrence@porttitor.net,818-102-7257,Irving,1746137346,metus dapibus ultrices volutpat venenatis laoreet Morbi Fusce molestie tincidunt accumsan vehicula fringilla lacinia Nunc justo sed congue sem ultrices ultrices libero convallis fames netus sit tempus hendrerit ultrices suscipit elit quam ornare neque taciti elit iaculis arcu
Talon Snider,Xandra@Suspendisse.org,985-439-4043,East Lansing,1754032973,sociosqu nibh Proin commodo a eu libero vestibulum ipsum quis lobortis elementum amet faucibus dis mauris sit Maecenas pretium Quisque litora morbi sit nisl laoreet at pede nisi lectus dapibus vitae
Brenden Sims,Neville@Ut.edu,176-223-6357,West Hartford,1759783862,per dignissim tortor nisl penatibus conubia ligula suscipit sagittis orci ultricies faucibus venenatis molestie Morbi ultrices dictum aliquet dignissim pellentesque Lorem Proin facilisis ultrices Aenean faucibus convallis consectetuer pharetra risus nonummy condimentum euismod fermentum viverra In eleifend urna lacus
Davis Dotson,Mira@congue.us,746-854-9973,Lowell,1761865361,ante viverra congue at gravida dignissim ridiculus Praesent viverra nibh Suspendisse Morbi vel gravida ligula Cras habitant leo lacinia eros felis Suspendisse
Coby Mccormick,Chadwick@hendrerit.com,667-627-0174,Ventura,1763314245,fringilla fermentum eu metus senectus Integer pharetra per Praesent Curae justo nulla nulla eget id dictum feugiat Phasellus lobortis at consectetuer lacinia Fusce posuere elementum
Ruth Osborn,Vaughan@dolor.org,830-432-0796,Worland,1739367636,Sed cursus senectus Cras mattis Nunc aliquam Class cursus pellentesque fringilla Morbi vestibulum porta Sed inceptos erat dapibus ante porttitor consequat Class Curabitur arcu Cras quis placerat volutpat malesuada purus magna nec lacinia rutrum
Brianna Mcbride,Savannah@senectus.com,264-254-6659,Montebello,1741995360,interdum In hymenaeos mus convallis
Kareem Kelley,Megan@hendrerit.net,561-724-9660,South Gate,1754830410,congue porta non sagittis Nulla per vel volutpat Nullam aliquam enim sagittis
Oren Nolan,Katell@primis.gov,664-588-5538,Buffalo,1736044297,Lorem lobortis congue sed neque lobortis Cum dolor Pellentesque Aliquam feugiat torquent dolor
Madison Cooke,Kelly@erat.edu,975-719-3146,South Bend,1740249180,Etiam aliquet mattis commodo dis sem sem sagittis viverra Donec Etiam sollicitudin tincidunt blandit neque magnis vitae sagittis Sed pede dis cursus netus tincidunt interdum aliquet risus neque sem senectus felis penatibus ligula
Ciaran Alston,Rosalyn@metus.org,518-190-3319,Rockville,1739783274,arcu natoque pretium litora condimentum lobortis cubilia nunc lectus erat ullamcorper Nam odio netus dapibus mus cursus blandit nibh nec ridiculus libero ut
Lamar Boyer,Xena@vulputate.net,093-615-5956,Bakersfield,1742629321,litora pulvinar tincidunt eros Pellentesque per sit habitant quis nostra gravida amet arcu consequat Ut scelerisque Curae quis Aenean Aliquam In primis
Abraham Goodwin,Dawn@ipsum.edu,269-927-0848,Kalamazoo,1745728797,enim Sed arcu sodales aptent a
Nola Byrd,Alfreda@hendrerit.com,369-599-7188,Mankato,1765248327,orci erat convallis Pellentesque condimentum pharetra quam tristique adipiscing tempus Cum porta pellentesque vitae Lorem luctus ac vehicula Aenean penatibus cubilia feugiat Curae aliquam dis natoque convallis torquent enim tincidunt posuere facilisi diam
Victor Jensen,Jaime@posuere.org,271-084-2797,Medford,1759076203,turpis tempus nisi inceptos hendrerit erat porta erat at Cras dictum semper varius tristique taciti Maecenas molestie Pellentesque dictum rutrum vehicula Curabitur Lorem conubia rutrum Nunc dignissim tempor rhoncus tortor imperdiet cursus Cum Duis netus mollis
Marvin Watts,Malik@neque.net,011-335-2883,Frisco,1744067177,venenatis feugiat Class orci hymenaeos per ut posuere id ad molestie sagittis mauris tempor elementum Aliquam vel pretium leo pellentesque tristique turpis ultricies eros porttitor mauris
Abra Mcgee,Gloria@netus.edu,056-311-8355,Monterey,1743824850,dignissim mi vulputate placerat sollicitudin condimentum Nulla
Myra Hobbs,Cody@natoque.org,222-858-7210,Chesapeake,1757090379,ligula pharetra nunc Ut
Maile Valenzuela,Aaron@aptent.gov,249-222-5080,Quincy,1753202267,convallis feugiat bibendum augue libero et erat amet malesuada sociis augue Proin rutrum fermentum inceptos Curae porttitor non massa pharetra Maecenas sagittis convallis adipiscing libero Integer metus Nam taciti egestas lacus ipsum luctus tempus sit nisi eget scelerisque odio nostra diam Sed a Lorem Cum interdum
Elliott Ratliff,Clementine@elit.gov,157-424-0983,Arlington,1753054665,volutpat mollis penatibus litora diam ut varius parturient Fusce gravida Pellentesque velit
Graiden Bryant,Amal@Pellentesque.gov,674-952-3272,Kemmerer,1739080328,ultrices ornare quis condimentum sapien faucibus Lorem tellus cursus Mauris gravida Lorem luctus ipsum eu Fusce Ut venenatis arcu urna adipiscing orci Integer odio dapibus Vivamus arcu libero risus sollicitudin Nulla magnis montes Aenean felis conubia sociis Praesent mollis Curabitur blandit Maecenas lectus varius
Frances Maddox,Vincent@scelerisque.edu,631-301-5522,Miami,1765476167,Phasellus ullamcorper Class facilisis vestibulum accumsan rhoncus tortor ligula lorem non conubia gravida Vestibulum sed ullamcorper lobortis libero Cras semper Cum primis Nam Etiam tempus egestas euismod Quisque Nam aliquet Etiam tellus vestibulum Cum orci lobortis
Sasha Levy,Ursa@arcu.com,362-182-5690,Nevada City,1742252733,at hymenaeos pretium leo
Stacy Mcbride,Warren@nec.org,553-546-6856,Crown Point,1755222134,tellus torquent consequat torquent rutrum morbi pede commodo Quisque dapibus nibh fames scelerisque vitae
Octavia Frank,Brian@nascetur.gov,606-704-1437,Saint Albans,1749350134,lorem iaculis Cum rutrum parturient ipsum per leo nonummy ut malesuada Nam hymenaeos nisl libero purus sed semper per nulla quam consectetuer viverra sodales sollicitudin Nulla Morbi molestie ac dignissim Vestibulum dolor
Jeanette House,Ariel@odio.us,557-796-7401,Corpus Christi,1758894483,tempor scelerisque Lorem non turpis Nunc congue Morbi a magnis magnis malesuada et porta sapien sem eu
Yeo Nieves,Emi@massa.edu,944-606-8126,Woonsocket,1737328971,ante fermentum Nullam tempor semper ultrices Cras neque habitant ut
Alexander Washington,Otto@dignissim.edu,956-835-0875,San Rafael,1737339833,dui vestibulum ut Phasellus turpis tristique natoque penatibus
Blossom Fisher,Belle@penatibus.us,300-025-3728,Egg Harbor,1761141179,ultrices molestie morbi lacinia mus dictum non dolor cursus magnis netus commodo Vestibulum
Madison Pittman,April@vulputate.com,542-472-8922,Cumberland,1759733585,pellentesque Duis est ac lacus Nam eu eleifend nisl congue mollis metus ultrices congue Cum faucibus faucibus parturient netus Vivamus nibh tellus Mauris sem
Regina Downs,Uriel@leo.net,950-744-5101,Idabel,1760140913,parturient luctus Curae aptent semper Aliquam sit mauris sociosqu dui neque turpis
Tucker Baker,Gwendolyn@lorem.org,887-647-8618,Mesa,1755631712,ipsum fringilla sodales senectus felis hymenaeos taciti gravida Pellentesque cubilia Suspendisse lobortis tincidunt faucibus orci pulvinar in quam orci Nam gravida
Kellie Cook,Irene@netus.edu,563-633-6473,Rutland,1737472455,natoque viverra dapibus est facilisi metus hendrerit nibh scelerisque Curae felis dictum scelerisque adipiscing nulla placerat lacinia Morbi nonummy interdum non cubilia ultricies Cum magnis varius at venenatis ut accumsan Duis venenatis semper venenatis aliquam ultrices primis tellus elementum venenatis pellentesque lacinia
Barclay Lloyd,Clayton@tempus.edu,153-196-3843,Pico Rivera,1747815864,est ullamcorper ipsum penatibus pulvinar sed adipiscing sodales viverra porta Praesent Duis lobortis Duis rutrum cubilia non conubia vehicula fames mi bibendum nisl ultrices primis enim tellus urna
Solomon Sullivan,Yoshio@mi.net,220-031-0926,Yazoo City,1754564523,accumsan Maecenas interdum montes vitae lacus per litora Integer dignissim diam aliquam Donec Mauris
Alana Langley,Rigel@congue.us,917-937-4406,Lawndale,1752057757,ultricies ac Aliquam eros habitant venenatis aliquam Sed nostra dictum nibh ut mus elementum varius Nulla facilisis faucibus accumsan dis inceptos Quisque euismod
Sacha Knapp,Tasha@convallis.com,608-630-1654,Murfreesboro,1758658022,orci euismod metus Phasellus Curabitur venenatis parturient Lorem Mauris dolor
Reuben Owens,Micah@tempor.org,379-442-6384,Zanesville,1737023146,primis nulla ridiculus
Althea Fischer,Rhonda@Integer.net,266-618-3491,Mentor,1762586954,tristique pulvinar Etiam Etiam mattis Curae Aenean auctor Nunc Lorem tempor elit id id varius Vivamus nec sollicitudin nonummy sollicitudin taciti dis suscipit leo ante
Kiayada Chavez,Bradley@non.com,116-488-4608,Franklin,1757701015,dapibus nunc imperdiet nisi dapibus felis vel quis luctus Fusce Sed vulputate porta nonummy fermentum venenatis Nam Morbi congue vel pharetra felis tempor nunc sit felis Duis In tincidunt semper pellentesque molestie blandit neque Nunc pretium montes
Angela James,Quintessa@sed.com,079-929-9723,Hudson,1750901755,dis quam malesuada natoque velit nascetur pharetra commodo
Fletcher Robertson,Upton@ut.net,158-449-0984,Artesia,1743152257,facilisis dictum in
Brandon Logan,Caleb@ipsum.edu,732-951-7953,Oakland,1755504375,dapibus mauris a porttitor nisl aliquet Aliquam habitant inceptos vestibulum mattis justo pede eget malesuada Curabitur senectus fames natoque Curae iaculis nascetur sem
Hu Randolph,Hyatt@tellus.net,197-862-5336,Visalia,1764632563,rutrum fringilla a nunc netus Aliquam Suspendisse viverra aptent Vivamus Phasellus ullamcorper dignissim per eros congue congue ultricies Nunc nisl Suspendisse cubilia euismod porttitor consectetuer dolor Phasellus mus Fusce suscipit consectetuer dui montes lorem eros accumsan suscipit vel viverra cursus pulvinar
Isabella Shaw,Danielle@vulputate.us,615-647-3819,North Las Vegas,1745533278,lobortis neque tellus eleifend senectus sollicitudin vestibulum ridiculus convallis Etiam scelerisque aliquam lacus malesuada laoreet feugiat Duis pulvinar egestas convallis sociosqu porttitor ridiculus odio Donec eu elit adipiscing mi mi Curae Morbi suscipit diam nisl nonummy Morbi euismod euismod leo sem ligula pretium vel vulputate ultricies
Neve Thompson,Jael@Proin.org,527-168-4026,Peabody,1739890158,faucibus morbi ornare Suspendisse mauris sociis erat faucibus Pellentesque porta mollis condimentum vitae urna libero aliquam taciti leo tempus interdum sagittis sociis sollicitudin ipsum facilisis sociosqu augue tincidunt sagittis sagittis
Mollie Whitehead,Graham@augue.com,848-085-4243,Scranton,1759510389,porttitor viverra montes rhoncus taciti varius viverra accumsan tincidunt pretium luctus varius ridiculus tellus dolor pellentesque Nunc sit ad nulla ligula vestibulum turpis rutrum in placerat sociosqu risus Ut vel hendrerit ante consequat Pellentesque Praesent tempor Quisque rhoncus ut fermentum magnis sagittis
Stuart Suarez,Ethan@Phasellus.com,232-394-7473,Asheville,1751106907,eleifend et nisi lobortis Nam ut dapibus
Keely Mendoza,Jaden@urna.gov,498-505-0695,North Little Rock,1746239205,pulvinar blandit torquent bibendum euismod Duis et pulvinar torquent habitant suscipit eros Integer auctor posuere diam habitant semper id risus ad Ut lacinia sociosqu pellentesque auctor cubilia Nullam metus at faucibus Mauris orci ad Mauris Vivamus mollis primis
Cyrus Reilly,Orlando@porta.gov,965-194-8302,Mobile,1766219955,ante eu montes nibh Nunc Duis in eleifend in volutpat vulputate Donec imperdiet ultrices varius odio aliquet auctor accumsan magna sociis nisl interdum ornare eleifend penatibus Lorem Phasellus mollis lectus euismod Sed
Chiquita Cooke,Madeson@mauris.org,889-234-8082,Chelsea,1751112663,facilisi morbi vitae mi ipsum Lorem turpis eu pretium congue nulla faucibus lorem Lorem odio consequat tortor urna odio scelerisque nisi Sed lectus litora ante Morbi Proin tempus Quisque dignissim sociosqu per cubilia ut consequat volutpat in nunc fermentum ligula venenatis Cras libero ultrices Lorem eros
Lydia Morrison,Regina@erat.net,791-551-0371,Dickinson,1746684978,tincidunt primis Ut montes montes tincidunt est conubia
Flynn Preston,Leandra@Aenean.gov,833-758-1653,Whittier,1750087278,metus nunc morbi auctor id Nam felis ridiculus tortor senectus Aenean inceptos Nam sapien luctus parturient blandit nonummy velit Class dui euismod massa ut Etiam urna pretium urna rhoncus iaculis ante auctor dui Curae non In cursus purus aliquet urna aliquet Suspendisse viverra rutrum sodales
Sylvester Cantrell,Nehru@Duis.edu,331-104-3183,Goose Creek,1757890410,varius Duis odio laoreet ligula odio cursus sit diam dolor luctus dictum rutrum facilisi enim Pellentesque est litora Mauris ultrices ipsum amet congue interdum magnis luctus velit sed leo aptent libero sapien scelerisque auctor tristique commodo feugiat tristique erat ligula mattis
Hector Fitzpatrick,Shelly@Aenean.gov,628-894-6901,Roswell,1758880568,eros felis Suspendisse placerat Fusce commodo dictum aliquam hendrerit urna Nam tristique Ut blandit arcu neque interdum mollis netus Aliquam ligula torquent
Urielle Bradley,Wayne@egestas.net,568-254-4841,New Orleans,1745584823,dui sollicitudin Cum habitant urna at pellentesque venenatis nec interdum morbi Duis sit dui blandit consectetuer magnis libero magna euismod lacus arcu ligula arcu eleifend imperdiet risus nunc felis dui Quisque Lorem ornare placerat leo ligula nonummy
Mercedes Moore,Rogan@sollicitudin.org,206-620-6975,Fontana,1738785590,sollicitudin cubilia sagittis facilisi auctor dolor iaculis elit rhoncus venenatis senectus lacinia nec Aenean faucibus dis Duis non litora Maecenas gravida nisi pede taciti metus purus netus velit ut metus per tempor sociis luctus montes amet Phasellus lectus Sed Phasellus
Kylee Owen,Donovan@a.us,721-166-3548,Amesbury,1766509284,erat in vulputate montes dapibus consectetuer metus diam mauris elementum Class vitae
Wallace Harmon,Gregory@bibendum.net,015-076-2980,Wilmington,1763291907,primis nostra Nunc nunc neque risus Quisque volutpat
Anastasia Small,Alana@laoreet.org,457-742-6318,Paramount,1749542821,purus dictum ipsum porttitor dignissim cursus
Ariana Maynard,Justina@Class.gov,637-267-9565,Jackson,1750424150,id erat rhoncus dui Class facilisis elit leo elementum Cras molestie hendrerit vitae purus vitae senectus Integer orci sed magnis suscipit pede leo porta dolor Curabitur risus mauris inceptos feugiat volutpat nisi pede odio sagittis pretium nec Curae rhoncus pretium inceptos morbi metus Nulla nostra Nulla bibendum lobortis consectetuer
Eve West,Allistair@tristique.gov,575-809-2027,Jenks,1749609242,Phasellus Phasellus nec gravida Vivamus nec Phasellus cubilia eget ligula lobortis luctus et Sed ridiculus Vestibulum Duis Nulla augue mattis lorem In conubia venenatis faucibus ut Praesent faucibus aptent Duis lacinia porttitor netus
Alden Dennis,Sierra@sociosqu.org,113-616-9139,Tulsa,1736552917,dui porttitor montes fermentum pellentesque sapien aptent scelerisque felis molestie feugiat venenatis cubilia mauris semper nonummy elementum a Nam hendrerit fames Etiam Suspendisse massa diam nisi netus sociis ridiculus adipiscing mi ante tempus Cras eleifend fermentum Curae porttitor semper sem eu diam
Tallulah Hoover,Ignatius@In.gov,978-128-0106,Asheville,1754152765,primis nonummy Curae rutrum semper Curabitur hendrerit nibh pede penatibus lectus fringilla nisi
Rooney Foley,Leigh@Fusce.net,140-328-6623,Oneida,1751439342,turpis non tempus laoreet accumsan semper mollis libero facilisi ad nulla Nulla mi consectetuer scelerisque porta non blandit egestas in Ut sit ultrices et Cras porta nisi massa pretium gravida diam vitae Cum dapibus Suspendisse nibh ligula augue Cum Praesent aliquet neque rhoncus lacinia Duis primis gravida sit sociosqu
Steven Howell,Shafira@volutpat.gov,678-110-6651,Pawtucket,1759007194,placerat laoreet venenatis Suspendisse urna nisl Pellentesque dolor porttitor sodales In fermentum porta fringilla In facilisis habitant Class porttitor urna fames purus nec sollicitudin Class ridiculus blandit aliquam cursus nonummy malesuada primis Pellentesque porttitor elementum quam
Sonia Kent,Dominic@Sed.org,600-191-6949,Salisbury,1752373187,cursus pede nibh Cum tincidunt suscipit quis purus auctor
Barbara Olson,Dane@metus.net,470-624-0401,Kearns,1752853220,luctus Fusce molestie ante Suspendisse natoque nonummy lorem diam Cras mi pellentesque diam pretium parturient tortor tristique accumsan consequat natoque
Ulric Tran,Kane@ut.us,424-800-1339,North Adams,1745225240,Vestibulum consequat a adipiscing Maecenas sollicitudin ornare fames torquent blandit ligula taciti aliquet at In velit nibh sociosqu pretium Fusce bibendum ultricies tristique mi dapibus fermentum dolor molestie Etiam nonummy sapien fames lectus netus nec elit Cum lobortis
Wynter Best,Preston@malesuada.us,970-766-6706,Richmond,1744550491,scelerisque vestibulum massa Quisque ad vitae luctus iaculis magnis faucibus eleifend aptent in vestibulum Vestibulum taciti Maecenas vel sit purus sapien Pellentesque non viverra varius elit Proin placerat ridiculus viverra Mauris purus Praesent
Montana Robbins,Zena@Vivamus.net,288-301-7381,Santa Rosa,1741042741,ipsum Aenean tincidunt ante pellentesque at mollis dis Nam egestas Donec fames vestibulum tincidunt ligula urna habitant commodo ut ante aptent convallis porta convallis sed vestibulum hendrerit tempus sem libero mollis tempor nascetur pulvinar odio habitant Proin arcu
Beck Rivera,Jonas@Phasellus.org,205-863-6209,Laguna Woods,1758334537,Lorem consectetuer dapibus odio Quisque Aenean ridiculus taciti Curae mollis montes blandit aptent lacinia non ullamcorper tellus egestas Phasellus leo arcu vestibulum felis Ut
Noah Noel,Samuel@et.edu,283-202-3939,Dover,1739118911,leo orci feugiat at blandit sapien tempus nec egestas vulputate Mauris pellentesque tortor Curabitur in laoreet natoque per dictum Etiam Etiam sed penatibus per facilisis sociosqu inceptos Praesent feugiat sagittis Vivamus augue erat eros eu risus pretium
Alexis Wong,Chester@aliquam.net,099-289-4539,Rancho Cordova,1741099181,Nunc magnis Suspendisse tincidunt enim Praesent cursus Pellentesque ullamcorper fermentum leo quis dictum pulvinar faucibus molestie Maecenas ultrices Curae non
Kylie Knowles,Brenda@Nulla.us,772-775-0975,Texas City,1746210402,enim consectetuer Fusce gravida amet
Chanda Hooper,Perry@ullamcorper.net,808-744-6121,Edmond,1741095532,turpis Aliquam parturient mauris lorem ligula velit neque hendrerit habitant iaculis dapibus aptent ante porttitor vulputate suscipit Ut porta in facilisi molestie in rutrum dis senectus eros rhoncus neque leo habitant Morbi nec condimentum in Nulla consequat taciti
Irene Petty,Lars@vulputate.gov,735-020-9550,Chula Vista,1751471157,sed Duis fringilla mattis dictum mauris montes metus libero suscipit suscipit urna ad velit vestibulum ante lectus ligula libero venenatis diam ad Pellentesque natoque Vivamus suscipit sociis eros in iaculis Cum Suspendisse Praesent molestie iaculis laoreet nec elit feugiat
Jared Barry,Francis@Sed.gov,372-744-1741,Parker,1765431688,tristique sodales elementum lectus elit elit Aenean parturient in Fusce per posuere eu luctus eleifend nibh molestie congue pulvinar Aliquam aptent sit sed per ac commodo Curae ultricies litora ipsum Phasellus ultrices senectus tempor montes Mauris fringilla sem cubilia parturient sollicitudin laoreet luctus lorem Suspendisse Etiam euismod
Victor Melton,Fletcher@molestie.net,931-809-9657,Valencia,1746113163,tellus nascetur purus libero dictum vitae dignissim velit nisl dis nisl Quisque massa parturient laoreet euismod elementum convallis convallis netus erat Pellentesque porttitor
Kay Blake,Ocean@non.us,685-798-9193,Santa Rosa,1748648143,in ultrices justo
Colin Aguirre,Chandler@pretium.net,926-459-6710,Idaho Springs,1741407148,facilisi vel eget magnis lorem
Driscoll Garrett,Vance@augue.org,816-333-8463,Kenner,1739166511,nunc fames lacinia Nullam quis amet sed litora felis erat Curae montes tortor Nulla nunc nostra Class non pulvinar amet torquent odio Nunc
Quynn Baldwin,Caldwell@placerat.org,523-316-2948,Kingston,1750573586,Pellentesque erat dui Sed sociis suscipit Vivamus Cras netus eu ipsum Nam venenatis Nulla dolor a ligula Fusce gravida congue porttitor Vestibulum dignissim risus fames feugiat nibh lacus Vivamus Curae Integer ultrices litora sodales urna
Malachi Benton,Damian@tristique.org,738-484-8664,Lewiston,1763909543,nunc massa nec tempus risus torquent odio Etiam nonummy tortor augue rhoncus cursus
Devin Blackwell,Jolie@pretium.gov,064-989-2168,Cedar Rapids,1757972805,posuere aliquet ultrices orci commodo aliquet mus in dui mattis Vivamus magna lacinia fames netus cubilia aliquam nisi sem taciti dolor primis arcu erat euismod mattis
Steel Adkins,Ainsley@Nam.net,810-222-1271,Rome,1756898183,viverra blandit feugiat nonummy ridiculus
Lysandra Eaton,Tasha@convallis.com,270-164-0755,San Bernardino,1761685537,condimentum risus Integer mus Fusce a rhoncus pellentesque Vestibulum nonummy Vivamus ad elementum elementum
Cameran Workman,Iola@fringilla.org,607-733-4424,Newport Beach,1742079462,amet aliquam Aliquam turpis mus lacus facilisi magna dictum netus convallis massa aliquet Nunc aptent at urna auctor vel enim vestibulum diam vestibulum tellus gravida blandit enim aptent ut erat aliquam nec nostra In leo tempus Quisque vitae
Yael Cantu,Octavius@Nunc.gov,204-803-3555,Glens Falls,1743712298,iaculis purus malesuada sociis dignissim Duis blandit erat lacinia felis a pede Morbi lorem Lorem
Keith Cummings,Quin@accumsan.us,706-243-4800,Midwest City,1737358194,Phasellus vel metus consectetuer velit amet Aenean porta Praesent metus quam luctus Curae pharetra metus iaculis inceptos diam sem Pellentesque molestie facilisi Class neque lobortis senectus porta erat interdum sed turpis
Troy Terry,Noel@et.gov,075-231-4294,Kearns,1745312400,montes gravida tristique nibh porttitor lacus cursus semper non leo Pellentesque porttitor vestibulum condimentum viverra ultrices pharetra neque Morbi erat Quisque elementum primis ante aliquam porttitor Vestibulum ullamcorper viverra montes Duis inceptos mus egestas urna auctor laoreet
Edward Cunningham,Cassady@tristique.com,649-150-9731,Moreno Valley,1757456399,commodo Class accumsan
Ronan Walls,Wayne@dis.org,086-386-8980,Idaho Springs,1748405673,Vivamus Cum cubilia neque Aliquam lacus luctus luctus felis interdum bibendum lorem nisi magna consequat est primis netus ac varius id vulputate Duis Cras senectus Curae sem enim congue Morbi hendrerit Ut conubia
Courtney Bolton,Mira@mi.us,102-517-7118,Rohnert Park,1743566994,cursus Nullam auctor
Juliet Farmer,Petra@nascetur.us,663-480-7887,Jeannette,1742965220,per vulputate iaculis placerat
Amena Holcomb,Rigel@Ut.com,073-011-7865,Boulder Junction,1755857139,mattis magna netus primis Mauris interdum turpis Nullam pede sodales vulputate eros metus nisi nunc eleifend quis fringilla molestie
Bernard Diaz,James@bibendum.com,905-613-1015,Niagara Falls,1742480971,metus dictum egestas Duis rutrum nisl primis tristique dis taciti Cum vestibulum Nunc erat posuere elit Vestibulum sagittis nascetur dignissim imperdiet ad erat convallis magna rutrum posuere tempor ut neque pede Class non Ut molestie adipiscing inceptos
Wallace Wolfe,Clarke@enim.edu,266-513-7096,Springfield,1755087987,sollicitudin congue lobortis eros In dui diam Aliquam placerat
Shelly Payne,Irma@Aliquam.com,740-559-2888,Valdosta,1761813868,elementum mauris metus augue sodales iaculis netus fringilla Morbi Vivamus Etiam et morbi ut orci Phasellus est Aliquam non lacus adipiscing volutpat morbi parturient taciti Fusce dui porttitor accumsan libero aliquam Suspendisse porta
Eliana Chandler,Elton@quam.edu,557-181-4064,Clarksville,1757420513,pede augue quam augue consectetuer venenatis conubia Class nostra diam consequat gravida non ultricies Lorem rhoncus egestas et sagittis purus sagittis luctus volutpat risus aliquam orci
Chaney Clayton,Omar@magnis.com,307-626-5490,Duncan,1744354096,auctor malesuada mattis montes semper quam euismod Phasellus bibendum
Brenden Brady,Althea@feugiat.com,601-426-1482,Passaic,1756376578,pharetra eros vel per quam sem Praesent porttitor varius mattis Integer hymenaeos dapibus in erat habitant magna risus Nullam Morbi nec convallis tellus lorem vitae posuere tempor ornare
Leroy Anderson,Belle@mauris.us,137-151-1062,Calumet City,1744565485,ad Phasellus hendrerit Integer eu ornare pretium vestibulum parturient enim dictum nisi porttitor Maecenas accumsan eleifend blandit mattis consectetuer tincidunt Class vel ultrices Maecenas at per Morbi consectetuer Maecenas mattis Ut Proin venenatis inceptos dignissim
Bo Gilbert,Mariam@odio.org,379-556-1088,Wheeling,1749819058,facilisis rutrum tellus pellentesque Curae dolor Nam tincidunt magna commodo Cum Curabitur elit Curae lectus pede elit aptent mattis dui sodales lacinia
Mallory Tanner,Len@interdum.edu,220-169-6623,Rancho Santa Margarita,1738223618,nunc Nunc condimentum Cum feugiat nascetur neque suscipit ac et vel pellentesque convallis natoque iaculis Pellentesque eget dolor consequat aliquet feugiat posuere lacinia facilisis cubilia netus hendrerit enim gravida volutpat pretium odio vitae et rhoncus natoque non enim non nisl
Asher Cardenas,Hamish@velit.gov,839-921-1738,Simi Valley,1759011774,senectus adipiscing fermentum Aenean pede Donec facilisis fringilla magnis laoreet luctus tempor tempor sapien facilisi Cum imperdiet Phasellus Curabitur enim faucibus libero bibendum nisi Quisque arcu et aptent lobortis ac Suspendisse Suspendisse bibendum quam ornare ullamcorper Quisque inceptos Morbi lectus faucibus neque
Boris Goodwin,Tyrone@tincidunt.net,127-082-3564,Fountain Valley,1736734916,Phasellus Nam Nulla Ut malesuada fringilla fermentum dapibus commodo tortor facilisi tempus lobortis ut parturient eleifend auctor iaculis cursus aliquam elementum Aenean sollicitudin Etiam nibh nisi condimentum vehicula
Quinlan Bender,Jade@fringilla.org,536-340-5424,Manhattan Beach,1761201540,ac est nec egestas est scelerisque nunc velit montes magnis
Libby Robertson,Carter@tempor.us,621-422-7658,Monterey,1755159111,ridiculus odio feugiat arcu
Nora Kirby,Hiroko@accumsan.com,744-983-4516,Bellflower,1748359531,id sed ullamcorper sagittis luctus a penatibus pede metus dignissim volutpat scelerisque facilisis vehicula diam Duis eros laoreet metus Cras nulla mollis condimentum taciti viverra Etiam vehicula mollis Curae porta rutrum dictum nisl Duis augue semper at volutpat sagittis fames elit
Sheila Pacheco,Harper@egestas.org,199-093-8113,Iowa City,1748446283,aptent ligula fermentum amet Aliquam Curabitur turpis Cum mattis scelerisque egestas Nam Pellentesque pede hendrerit turpis turpis suscipit mi facilisi et enim netus fringilla Nullam adipiscing aptent magna placerat blandit ante viverra nonummy mus parturient feugiat congue taciti convallis felis in felis id consequat enim In sagittis Quisque est
Jesse Christensen,Abbot@consectetuer.us,112-499-4534,Oshkosh,1755911534,quam amet laoreet imperdiet eget erat facilisis orci tellus elit
Grady Thompson,Jaime@Proin.edu,045-915-6936,Costa Mesa,1759932628,consectetuer netus dis cubilia eu facilisi Suspendisse Praesent eleifend Phasellus at dictum aptent ridiculus enim Curae consectetuer Donec nunc lacus tempus consectetuer Phasellus ultricies mauris Praesent per justo
Lillian Roth,Lenore@posuere.gov,691-864-3226,Somerville,1753826162,vehicula odio vel viverra in ultricies volutpat quis Curae penatibus pellentesque interdum adipiscing sociis ligula eget lectus pede pulvinar Pellentesque facilisi Etiam ridiculus dignissim egestas ligula hendrerit In pretium sapien sit Vestibulum mi nisi pellentesque egestas fringilla leo massa vestibulum purus convallis porttitor Aliquam Fusce Suspendisse senectus Sed augue
Rhiannon Pope,Keaton@Suspendisse.us,809-761-4235,Norfolk,1758315959,Vestibulum feugiat ad elementum In senectus Curabitur fringilla facilisi In Cras morbi est nibh sed nostra dis sit turpis pretium Nunc nisi lobortis rhoncus Duis taciti aptent est felis eu tempor felis sagittis imperdiet felis blandit suscipit
Mercedes Dunlap,Melodie@dapibus.us,821-446-6226,Westfield,1742820568,dis Pellentesque mauris ut condimentum Fusce Phasellus dis pharetra inceptos enim fringilla magna vulputate vehicula ante sollicitudin Mauris eu tempus Integer ac augue vehicula penatibus faucibus vestibulum cursus sit vulputate Integer scelerisque luctus ipsum eget ante natoque facilisi parturient sit faucibus
Leo Mcclure,Ila@bibendum.org,958-978-7056,Charleston,1747745704,natoque porta Quisque Fusce montes fames lacinia auctor eleifend arcu varius Cras sociis torquent nibh ad pulvinar commodo
Denton Wells,Wing@Etiam.net,313-600-0192,Titusville,1757803020,fermentum tempus suscipit nostra nulla Aenean varius consequat fringilla vehicula aliquet vel a
Rinah Mcdonald,Risa@Vestibulum.org,816-363-7788,Rancho Cordova,1756399382,molestie Quisque felis ultrices elit massa In ligula Curabitur eget posuere tortor posuere nibh hymenaeos urna primis Nullam Duis Nullam purus Cum velit adipiscing Class Fusce
John Hawkins,Murphy@diam.net,451-982-8727,Arcadia,1762114847,varius sapien fermentum varius senectus tincidunt Nullam vel Aliquam facilisis nascetur arcu Donec porta mattis Proin condimentum Proin litora
Pascale Sweeney,Uriel@iaculis.us,891-100-7309,Pasadena,1736262999,orci dolor lobortis adipiscing semper a scelerisque cubilia tempus mauris neque interdum Pellentesque porttitor Praesent In ultrices fermentum nisi sociosqu elementum libero lacinia Suspendisse Sed id volutpat gravida fames felis fames varius orci imperdiet dictum ad volutpat velit Curabitur odio Maecenas Nullam volutpat nulla
Louis Kelly,Signe@Suspendisse.gov,367-393-7512,Oro Valley,1740832294,id Quisque sollicitudin placerat nisi malesuada mi nec euismod lacus aliquam ante Nullam suscipit lacus Pellentesque justo fringilla
Valentine Cross,Patrick@sapien.edu,212-559-7564,Nacogdoches,1763861483,rutrum dictum lectus elit morbi leo libero purus cursus neque quis eros feugiat pharetra morbi suscipit tempor Maecenas felis tortor gravida viverra blandit primis per consectetuer Aliquam odio hymenaeos hymenaeos rutrum ullamcorper feugiat mattis justo neque interdum sem tincidunt vulputate pulvinar Cum aliquet ligula
Yvette Crosby,Amanda@a.us,157-196-2682,Avalon,1760934635,Pellentesque aptent leo volutpat sit Aenean Morbi tempor hymenaeos cursus convallis facilisis eget ornare magna adipiscing rutrum massa vehicula Integer amet aliquam eget id Maecenas morbi velit vel torquent Nulla tempus convallis Class non tincidunt augue mi Vivamus in Maecenas pharetra at
Hoyt Everett,Gillian@nibh.org,671-884-8507,Bowie,1755076643,sociosqu Duis netus Proin posuere suscipit porttitor enim dictum at Phasellus nibh eu pede cursus
Scarlet Roach,Raya@commodo.net,435-211-0501,South Bend,1738263845,litora fames facilisi dignissim venenatis odio ante Aenean ultrices In ante massa felis sollicitudin sit nisi congue ligula ante Aliquam mollis Quisque nec lacinia Cras Proin et Curabitur Praesent conubia
Germane Cortez,Griffith@neque.gov,241-550-3213,Santa Fe Springs,1752864061,mi montes Aenean dis Nulla Donec libero feugiat laoreet urna venenatis purus Vivamus massa natoque a ornare nascetur eleifend metus convallis In aptent Lorem per id quis egestas tristique urna ante torquent sociosqu montes tempor nisl dictum id arcu nascetur blandit venenatis vel urna libero mi aptent mattis
Oren Price,Ina@augue.com,698-040-0455,Agoura Hills,1740536538,hendrerit ante magna Praesent viverra Duis Phasellus neque Aliquam cubilia pulvinar rhoncus tempus Quisque Cum lectus faucibus id per interdum elit habitant
Anika Ramsey,Aurelia@est.edu,427-281-5129,Pass Christian,1746960877,sociosqu fermentum elementum mi porta aliquet Vestibulum Maecenas sollicitudin porttitor luctus habitant Suspendisse vitae metus risus sollicitudin Donec ridiculus interdum Ut volutpat interdum magnis
Graham Albert,Louis@facilisi.us,765-012-0255,Sacramento,1753239928,interdum Praesent lobortis ac pede hymenaeos rhoncus Vivamus ornare Integer viverra Pellentesque Duis id a torquent fringilla magnis porttitor ad metus sit varius aliquam ipsum
Josiah Wynn,Ima@enim.gov,525-937-9336,Vail,1755118040,Donec enim fames lectus parturient eu ultrices fermentum massa netus Nunc vel molestie cubilia ut a mus interdum varius Donec orci quis dui ac fringilla nisl nibh porta vitae vehicula lacus habitant commodo In
Abra Owen,Jackson@scelerisque.us,559-059-2427,Weymouth,1759071306,gravida vulputate nunc mattis lacinia Aenean mus condimentum porta inceptos senectus velit litora Cum quam libero volutpat Duis Morbi eleifend Nullam Mauris sit rhoncus nunc Nullam vel porttitor sapien velit Fusce justo
Kimberly Farley,Randall@mauris.net,126-214-0540,Agoura Hills,1749299957,taciti egestas nunc diam taciti elit viverra Fusce a non
Laura Cameron,Cailin@quam.gov,553-989-2438,Eau Claire,1755114318,at at arcu sociosqu nibh blandit libero aptent lacinia ridiculus non in nibh Fusce odio fames sapien interdum venenatis parturient Sed penatibus risus ipsum mattis eu tellus Class iaculis torquent vel Quisque scelerisque libero libero auctor
Emerson Cameron,Hasad@Cras.com,616-842-2577,New Albany,1741811722,parturient sollicitudin morbi condimentum risus primis tempor consectetuer quam Nam Etiam Mauris arcu lacus nec eget facilisi fames condimentum est nisi luctus eu netus vitae sit nostra arcu ultricies Curae
Kerry Ingram,Duncan@Nullam.org,303-456-5563,Elmira,1749717681,egestas Phasellus inceptos dapibus amet cursus convallis sed consequat quis tempus turpis ut Duis neque sapien nisi interdum dapibus rutrum Proin odio sagittis pede posuere posuere lobortis eget justo lobortis nulla quis ac purus amet magnis ornare vehicula libero Duis Quisque Nunc Etiam leo eleifend sociis mi neque magnis posuere
Vielka Charles,Felix@felis.net,637-966-1756,Flagstaff,1757222419,tempor tellus lorem laoreet libero vel Vestibulum lorem inceptos velit montes nostra eros Duis orci Maecenas imperdiet mattis auctor Quisque condimentum accumsan elementum Vivamus dolor sagittis dis Phasellus eu sit hymenaeos blandit volutpat dolor In egestas scelerisque pellentesque pretium
Ashely Ramsey,Ursa@eros.us,949-990-5378,Pueblo,1747355073,velit ad Integer aliquam odio nunc neque ultricies ridiculus commodo Nam facilisi euismod tortor ante urna ullamcorper Sed Mauris molestie rutrum convallis augue Cras hymenaeos velit vitae habitant Proin Cum sagittis viverra non facilisi taciti Etiam
Ruby Rivas,Brett@ac.net,082-021-4707,Medford,1744181273,vestibulum a dis adipiscing posuere mauris id
Vaughan Robinson,Meredith@justo.org,198-325-8177,Bremerton,1766537607,justo laoreet malesuada elementum torquent quis ante at leo dapibus magnis placerat orci congue posuere sit Duis faucibus magnis ullamcorper sem auctor feugiat Vestibulum Etiam Duis mauris ornare magna Vivamus Morbi auctor netus erat Maecenas eu eleifend Curae massa lobortis consequat congue nisl magnis commodo sodales
Brenden Bernard,Abra@convallis.com,452-412-8590,Vincennes,1744286642,lectus vehicula neque Integer hymenaeos mi suscipit feugiat volutpat mollis placerat in gravida litora Vivamus netus tortor taciti iaculis magnis Ut amet aliquam felis vulputate Maecenas tempus ante libero faucibus blandit posuere Integer convallis Maecenas nonummy diam quam lorem risus lacinia molestie adipiscing Aenean nostra volutpat quis magnis tellus litora
Elizabeth Kennedy,Farrah@Phasellus.us,305-407-0625,Peru,1736425305,commodo sit Donec netus metus tempor tortor tristique massa mus morbi suscipit Maecenas adipiscing
Lara Bates,Charles@risus.gov,827-057-9027,New London,1760097943,faucibus nisl Etiam natoque sociis penatibus feugiat Aenean accumsan morbi magna Morbi non vehicula vitae In purus lacus nostra id vehicula tristique in purus Cras adipiscing et scelerisque fames velit nisi Etiam purus penatibus Nunc a quis aliquet mi feugiat venenatis morbi dapibus In suscipit
Linus Faulkner,Stuart@inceptos.gov,153-427-5785,Tyler,1748057851,fringilla inceptos vitae placerat dolor quam ipsum conubia enim Proin Fusce dignissim sit imperdiet Mauris fringilla Cras Etiam tristique morbi Donec urna ipsum hymenaeos Sed id dictum a convallis purus vestibulum aptent lorem consequat dignissim ultricies habitant tellus iaculis est
Caldwell Stevenson,Linda@Nullam.gov,238-829-9877,San Mateo,1766148396,risus auctor mattis justo parturient suscipit dapibus diam netus primis Phasellus Suspendisse sodales mauris tempus varius et dui Fusce cursus iaculis fringilla pulvinar vestibulum Integer pharetra Fusce dapibus scelerisque magna urna facilisis ultricies facilisis Integer Nullam nunc magnis mollis vulputate Fusce fames auctor rutrum Mauris ut ullamcorper litora hendrerit venenatis
Jermaine Hodge,Howard@Nam.com,656-291-7470,Sandy,1762676031,lorem Donec lacinia Lorem Duis
Jessica Lamb,Rosalyn@adipiscing.net,068-251-5400,Bowling Green,1750355141,ligula natoque tristique netus Suspendisse penatibus
Emi Dillon,Armand@Sed.us,784-726-2408,Caguas,1754939250,augue urna eros consequat felis ut eros habitant Proin Pellentesque nec sagittis vel nisl hendrerit ut neque nibh Proin sit feugiat id tincidunt Morbi odio augue convallis montes malesuada pellentesque congue nec Sed natoque nibh elementum
Nathan Campbell,Berk@molestie.us,351-326-0538,Riverside,1746800483,luctus dapibus Proin rhoncus Curabitur conubia morbi dapibus vel turpis at Duis molestie vehicula elit amet aliquet Maecenas Maecenas egestas vehicula magna cursus faucibus turpis Integer nisl nunc Nunc Aliquam metus Etiam semper tempor euismod in eget inceptos pretium nunc cubilia Curabitur Nulla mus velit sodales
Illana Wilkerson,Halee@cursus.edu,789-122-1596,Rolla,1752736178,in rutrum Nulla molestie dapibus id iaculis volutpat sagittis magnis scelerisque per mi Suspendisse sagittis Curabitur dictum
Brady Romero,Elmo@lacus.com,462-978-0027,Gardner,1736812288,tempor ultricies est morbi tristique posuere habitant iaculis netus in Etiam Vivamus nunc Suspendisse iaculis venenatis aliquet velit amet nisl Ut egestas dictum Lorem nec nulla Pellentesque tempus erat pede diam nisi hymenaeos purus aliquam nunc odio primis
Noelle Koch,Sigourney@sagittis.net,810-038-7860,Plattsburgh,1757221343,euismod scelerisque pulvinar blandit facilisis eros interdum dolor in Mauris nisi ligula et Maecenas metus bibendum at est quis scelerisque Mauris Nam eleifend sodales eu ultrices magnis pulvinar volutpat fames ultricies velit metus Curae
Ramona Shepherd,Allistair@ultrices.com,136-995-5624,Claremore,1747624320,posuere Integer quis
Jonah Underwood,Kimberley@semper.com,836-247-4232,Scranton,1750320594,lectus Aenean parturient aliquam quam leo placerat ante Phasellus dictum odio fringilla sem varius laoreet hendrerit tortor pharetra amet iaculis
Giacomo Reynolds,Carter@placerat.org,245-093-6777,Littleton,1750241385,sociosqu faucibus egestas nostra Nunc Praesent libero nisl porta sodales placerat habitant nonummy mi in ut lobortis leo inceptos Sed commodo sollicitudin odio fringilla iaculis aliquet Vestibulum porta primis Integer sed aptent
Carly Frye,Mia@natoque.edu,409-679-5682,Duluth,1757084730,nostra Etiam cubilia Vestibulum parturient Mauris quam neque blandit mi In auctor at Quisque vel mollis dapibus Cum nisl primis senectus mus Nullam primis molestie lectus mus dis libero Vivamus sodales id facilisis sagittis vehicula id morbi nunc Aenean
Hope Reyes,Kennan@facilisis.gov,613-088-3153,Phenix City,1759483308,lobortis lobortis consectetuer turpis vehicula laoreet viverra ornare venenatis sodales lacus cubilia ultricies senectus id lacus condimentum tempor ultricies ante porttitor eros sit quam conubia dui sagittis id netus purus dui facilisi vel Praesent conubia ridiculus orci aliquam ultricies Aenean pharetra
Eaton Olsen,Megan@mus.org,969-091-6371,Naperville,1755066297,imperdiet consequat iaculis hymenaeos sed pulvinar ligula eleifend
Thaddeus Hayes,Lydia@nascetur.net,970-277-8796,Waterloo,1761043912,rutrum gravida libero penatibus ultrices Quisque hymenaeos pharetra ipsum Ut sociosqu Curabitur Maecenas ante Aenean et Proin In
Vladimir Best,Christopher@risus.edu,706-874-4930,International Falls,1742313114,penatibus montes dis lectus
Angela Arnold,Kaseem@nonummy.com,883-223-7869,Niagara Falls,1743877746,sem enim blandit aptent tristique semper aliquet metus vitae dolor taciti odio vitae congue taciti vel Fusce dapibus lacinia dui aliquam ultricies suscipit tempus nec conubia Aliquam aptent senectus feugiat neque bibendum magnis felis eget Morbi sit varius ac pulvinar Integer posuere Sed sapien adipiscing hymenaeos sodales sed
Rinah Stanton,Inga@Pellentesque.org,134-958-5869,Clarksburg,1763358735,eleifend Nunc pede Cum urna at sed venenatis mollis metus elementum accumsan pharetra quam ridiculus fames magnis Nulla lobortis Vivamus amet ante consectetuer erat tempor Mauris commodo aliquam justo sociosqu hendrerit aliquam nascetur conubia lobortis eleifend inceptos iaculis facilisis Cum volutpat ad nulla massa scelerisque
Abel Crosby,Thor@primis.us,851-742-0671,Norfolk,1742821734,convallis facilisi Aliquam sagittis porta feugiat fames cubilia semper at Praesent ultricies nec scelerisque vitae parturient Etiam lobortis Sed In parturient turpis
Kennedy Stark,Inga@et.com,280-829-6945,North Little Rock,1762950347,tellus tristique in Mauris Praesent mollis neque congue a cubilia dolor urna malesuada fringilla et ante sed iaculis eget at suscipit
George Vaughn,Farrah@amet.org,504-836-7687,York,1736956808,Lorem Etiam montes non pharetra dictum quam mattis sapien diam fringilla Quisque sodales dignissim malesuada magna pharetra pulvinar ipsum et In tortor aliquet nisi interdum Curae orci natoque volutpat Curabitur magnis consectetuer sociis conubia Curae
Cheryl Wynn,Damon@litora.us,366-770-0090,Anaconda,1755648387,Pellentesque vehicula dis aliquam aliquet Nullam accumsan mi morbi lacinia Cum lorem ut dui tempus sociis fermentum hymenaeos taciti Vestibulum facilisis ut massa nibh libero
Wayne Lindsey,Kristen@Duis.us,788-611-5710,Durant,1750273565,Lorem nibh sollicitudin euismod sapien elementum pretium fames ultrices
Aline Ramirez,Blake@Vestibulum.com,282-587-8686,Salem,1757320138,rutrum nibh lorem lacus penatibus eros primis habitant blandit Nulla Duis senectus diam mollis sociis orci eleifend Vestibulum In primis sem sollicitudin id nulla Curae netus habitant amet accumsan Pellentesque euismod ut habitant ornare est In congue
Brendan Dawson,Vincent@nascetur.us,092-843-8689,Shamokin,1757666696,lobortis ut tempus cubilia pulvinar est mi pharetra sociis iaculis sociosqu facilisi
Peter Weaver,September@malesuada.org,547-720-1171,Pomona,1764354390,ipsum mollis bibendum condimentum Sed Integer ullamcorper tempus dolor congue tristique tellus hymenaeos sociosqu amet per senectus Aliquam Ut mollis In Phasellus
Maisie Hobbs,Ulysses@adipiscing.net,126-318-6703,Bandera,1737945994,Aliquam elementum eleifend eu nibh
Lucas Jimenez,Clark@tortor.org,565-922-7342,Newburgh,1742093303,mauris porttitor sociis Ut vel laoreet vitae facilisis neque ullamcorper blandit Aenean Ut taciti sagittis scelerisque gravida taciti Phasellus lorem egestas volutpat
Astra Chase,Talon@pede.net,291-550-5223,Texarkana,1737644759,lorem Sed justo consectetuer placerat lacus lorem placerat Integer Maecenas dapibus molestie pretium dignissim consectetuer volutpat mus rhoncus cursus lectus Lorem Sed viverra Donec tincidunt ultricies malesuada feugiat
Janna Garcia,Beau@odio.net,429-804-8596,Canandaigua,1764154935,massa eleifend montes risus suscipit mattis ridiculus vehicula natoque sociis Curae quis malesuada
Prescott Mckenzie,Acton@tortor.us,645-301-6930,Dayton,1753241041,Donec urna primis inceptos habitant convallis eget Mauris
Indira Rosario,Deacon@magna.edu,940-184-5585,Buffalo,1737453047,posuere Maecenas ipsum ultrices urna aliquam pulvinar Vestibulum Donec Etiam penatibus augue sollicitudin Nullam a sociosqu tortor sapien urna Cum elit ornare varius tempus mollis In Nullam malesuada nisl Nullam nulla sem cursus montes netus
Bevis Holland,Howard@Donec.us,262-189-4131,Murrieta,1758002870,faucibus Cras primis tincidunt nonummy vehicula Suspendisse per condimentum volutpat Mauris cursus consectetuer netus eu elit morbi mollis vehicula Proin porta ultrices conubia libero ultrices urna porta pretium Suspendisse facilisis torquent vitae et Vestibulum vel amet ullamcorper neque
Martena Stevens,Teagan@in.net,544-592-7934,Seward,1764378631,nonummy odio cursus metus sodales convallis Nunc lacinia nec interdum gravida
Tatum Ellison,Forrest@ipsum.edu,038-825-6524,Pico Rivera,1746091549,Duis metus dictum vehicula tortor venenatis neque dis facilisi condimentum mollis litora molestie ullamcorper sociosqu in Vestibulum commodo fringilla gravida bibendum nostra Nam eu Proin cubilia Praesent sapien feugiat Class nibh et Phasellus nascetur vestibulum euismod mauris hendrerit In nunc interdum malesuada blandit Aliquam auctor
Gabriel Farmer,Ignacia@porta.com,641-585-2681,La Habra,1755311282,felis velit quam consequat at ipsum massa rhoncus porttitor ad lorem facilisi sem habitant nisi Integer natoque lacinia quam pede enim fermentum taciti ligula dui egestas diam Vestibulum varius varius risus ullamcorper non Aenean eleifend Praesent luctus sagittis
Chester Guy,Robert@est.us,578-252-1828,Woburn,1750033374,dapibus litora Mauris senectus condimentum sociosqu Etiam mi semper tortor nisl velit vel ultrices mattis sodales feugiat egestas nostra suscipit purus pharetra odio nonummy vehicula porta luctus Curae molestie litora Nunc Quisque Nam litora bibendum sit iaculis
Dai Blackburn,Claire@Integer.us,168-394-4470,Forrest City,1758762992,enim Fusce nostra vulputate et libero tortor non est parturient dis mus ultricies eleifend libero vulputate varius Cras viverra aliquet Class consequat facilisis suscipit tincidunt sapien tellus eget vehicula pede taciti
Yoshio Ferrell,Caryn@adipiscing.net,593-789-0692,Farrell,1765358573,fames taciti nulla cubilia porttitor rutrum hendrerit Praesent fringilla diam lobortis aliquet at Nulla Vestibulum Quisque sagittis enim nisl ultricies imperdiet egestas molestie lorem porta Nam elit sagittis dolor ligula faucibus augue Ut
Omar Lawson,Jackson@Aenean.us,489-905-6085,Muskogee,1757306050,mus at scelerisque ipsum Cum sed consectetuer pellentesque Cras lacus parturient euismod ac at Proin netus Sed orci Curabitur taciti Aenean Quisque commodo Proin ullamcorper pulvinar gravida amet Morbi malesuada Curae per urna bibendum hymenaeos risus blandit tempus aliquet nonummy orci ac eget primis Nullam interdum sit hymenaeos
Lareina Barber,Iliana@lacus.gov,764-636-8945,Victoria,1742226693,taciti feugiat tristique Phasellus orci ac lectus neque parturient conubia massa tempus hymenaeos pulvinar dapibus euismod Fusce inceptos ad Nunc Morbi netus condimentum adipiscing tincidunt
Joelle Wyatt,Thane@consequat.edu,728-136-4375,Menomonee Falls,1763936878,nonummy Suspendisse nonummy penatibus ante fames venenatis Suspendisse ad nostra lorem condimentum conubia nec Suspendisse Vivamus velit pulvinar ultricies enim ridiculus pretium
Darius Obrien,Chaney@nibh.org,629-573-9944,Pulaski,1767044826,lacinia in pharetra feugiat consectetuer parturient id pede rutrum justo magna
Mannix Dominguez,Jarrod@placerat.org,552-960-7047,Chesapeake,1740706901,tristique Duis conubia nisl fames lorem sociosqu egestas morbi torquent
Linda Shepard,Jackson@Curabitur.com,503-998-7806,West Covina,1755413652,Cum Etiam congue Nam facilisis hendrerit nibh Nunc luctus lectus fringilla tellus lectus ad eleifend fermentum velit tempus ridiculus neque nascetur ullamcorper cursus Nulla varius metus ante aliquet Cum interdum sodales Cras primis lacus hendrerit tempus aptent adipiscing
Deanna Lancaster,Kato@Maecenas.net,456-948-7468,Mequon,1749244965,Vivamus massa mus condimentum Morbi accumsan accumsan ad mus senectus pretium luctus mauris augue est per libero a nascetur Morbi Donec scelerisque Class urna rhoncus convallis ac nostra nulla vehicula dapibus enim lacus vel massa rutrum sociosqu consectetuer mi litora magna aliquam luctus justo tempor accumsan Nam Pellentesque
Abra Ortega,Hannah@commodo.com,338-323-5609,Franklin,1743274768,a scelerisque Nullam lorem auctor Sed est massa Cum placerat lectus habitant sapien vestibulum id metus lacus Fusce nisl scelerisque
Len Mcknight,Alvin@Mauris.org,281-145-9572,San Francisco,1761391831,pretium cubilia nonummy velit porta
Thor Little,Kuame@placerat.gov,672-815-8456,Sugar Land,1748127354,dui faucibus nulla Ut semper aptent viverra pretium Aliquam pede penatibus non urna ipsum ac Integer varius Vestibulum senectus ante Quisque penatibus elementum porta iaculis justo purus fermentum Class Aenean Aenean lacus molestie felis eros primis hymenaeos ligula eu ante est odio sit magnis nostra In per lorem
Cheryl Keller,Callum@Curae.edu,286-731-1360,Dayton,1752531064,dapibus primis pharetra adipiscing pellentesque vitae per conubia ridiculus euismod porta sed amet lobortis sapien sociosqu penatibus mollis faucibus sociosqu netus ullamcorper Duis nec metus magnis mauris ornare lacus Pellentesque pulvinar Quisque iaculis tincidunt scelerisque nonummy
Deborah Hinton,Tasha@inceptos.gov,378-490-2986,Chandler,1739552442,nisl molestie eget sociosqu eu cursus nisi justo molestie Aenean mus venenatis placerat neque Integer non metus litora quis cursus pellentesque neque condimentum tempor montes tellus metus justo feugiat aliquam
Basia Powers,Jorden@netus.net,479-233-4496,Branson,1759144766,Class pulvinar auctor adipiscing lorem sagittis taciti euismod ridiculus rhoncus augue accumsan ante vehicula est justo Praesent rhoncus luctus vitae porta lectus Maecenas leo tristique sociosqu nisl tristique mi conubia amet Quisque
Oleg Mullins,Dalton@pede.us,960-746-8985,Rensselaer,1744082186,morbi rutrum Etiam sagittis cubilia litora nulla fermentum Mauris massa gravida Aenean
Scarlett William,Xanthus@orci.org,959-864-7480,International Falls,1753120041,tristique ornare vestibulum faucibus augue urna torquent lorem
India Cline,Rama@hendrerit.net,449-276-0052,Jersey City,1766635401,Aenean Fusce dictum Fusce auctor tristique In dignissim Etiam Proin augue Pellentesque elit semper posuere tempus Duis amet consectetuer eleifend elit tellus natoque dolor Quisque rhoncus natoque senectus vulputate sit eleifend Nullam aliquet penatibus non Phasellus Phasellus congue
Giacomo Francis,Cleo@sollicitudin.org,445-104-5471,Arvada,1756425505,aptent molestie amet arcu nostra placerat nulla risus porta blandit aliquam Lorem magna sapien
Emma Schmidt,Alice@per.com,746-119-4850,Macon,1745223100,bibendum augue montes massa eget parturient nibh egestas ipsum litora porta volutpat malesuada
Bevis Ramos,Abdul@lacus.gov,039-868-4834,Rutland,1760674897,Vestibulum sit ornare inceptos enim vel tincidunt suscipit laoreet pulvinar sociosqu varius iaculis sodales habitant Cras dictum Vestibulum nisl vehicula id consectetuer tempus vestibulum mauris magnis non vulputate velit Mauris sodales ad hendrerit pretium enim tincidunt convallis venenatis sociis torquent mauris primis quam
Cathleen Wall,Beatrice@condimentum.edu,388-994-1738,Troy,1763288425,adipiscing tincidunt eleifend nonummy sollicitudin blandit viverra erat dis Cras Curabitur accumsan convallis porta lacus eu tincidunt Vivamus risus libero inceptos porttitor metus eleifend vitae Suspendisse Nunc dis nisi nunc ridiculus Curae Proin est vestibulum
Logan Rice,Cairo@litora.us,117-224-6038,Worland,1757322039,Nam et ligula odio primis hymenaeos ligula dui risus natoque Suspendisse a amet ut orci nibh Maecenas pulvinar id lacinia dolor magna placerat Nam venenatis dignissim Mauris dolor cubilia Phasellus Suspendisse congue sem vestibulum nostra Class augue lacus habitant enim Integer viverra Aenean nisl quis montes neque
Noel Mathis,Vielka@aliquet.net,752-526-0128,Staunton,1754943197,montes eleifend fermentum pellentesque Donec ante condimentum elementum rhoncus magna Morbi rutrum pede nascetur laoreet lorem Vivamus tristique eleifend luctus ipsum Vivamus dapibus hymenaeos vehicula a laoreet congue hymenaeos ac diam varius dignissim nulla non imperdiet eget
Emmanuel Vincent,Kelly@metus.gov,879-531-9832,Sunbury,1741087177,Ut ligula malesuada et dui Class dui blandit Aenean In sociis Integer commodo penatibus netus sed eu scelerisque placerat augue nonummy vulputate posuere pharetra Aenean morbi pellentesque nulla aliquet nisl at commodo senectus feugiat ante felis Fusce rutrum Nunc id blandit imperdiet posuere senectus ac diam litora netus
Nevada French,Aretha@Class.net,851-864-4704,Waterloo,1759255229,nulla elementum molestie congue id Pellentesque enim montes quis lacinia Sed laoreet sociosqu dolor Donec magna Fusce Curabitur vehicula convallis magna porta sapien taciti
Desiree Robles,Benedict@nunc.org,306-579-7856,Guthrie,1747716375,taciti vulputate in facilisi blandit fringilla primis ultricies pulvinar nec Nam blandit blandit senectus
Wyatt Davidson,Hollee@dictum.org,223-049-5737,Waterbury,1756312121,hymenaeos felis diam tristique Praesent tortor urna adipiscing lorem scelerisque sit metus Phasellus lobortis elementum non nibh eu orci vitae aliquet molestie habitant taciti ut lectus dictum quis arcu lobortis cubilia Ut
Preston Frye,Whilemina@fringilla.edu,961-938-0514,Vermillion,1742185230,Praesent lacinia porttitor pharetra In justo pellentesque mus elementum nonummy habitant Vivamus massa Nam erat vestibulum erat consectetuer conubia Vestibulum cursus ut sollicitudin dolor taciti ligula Proin Aliquam semper inceptos lectus Maecenas laoreet in eleifend nonummy Donec Nunc fermentum Class sagittis amet
Walter Hammond,Richard@consectetuer.gov,728-222-5221,Leominster,1755150197,diam erat auctor auctor sagittis eget sit Mauris sem congue neque rhoncus libero mollis pretium nascetur ultrices Quisque dui eget eu enim quam varius vulputate per consectetuer Integer ut Curabitur
Carlos Huber,Kaitlin@fermentum.net,296-848-5159,Beloit,1756827543,senectus vitae Maecenas vitae urna mi eget aptent viverra blandit Nulla nec lacinia natoque Sed ultricies risus sociosqu porttitor est facilisi tempor sollicitudin quis elit magnis Cras
William Pacheco,Keegan@nisi.org,767-803-6906,New Castle,1736711182,ligula velit aptent nec egestas nostra Cum congue consequat hymenaeos pulvinar natoque
Rajah Whitehead,Kennedy@pede.net,007-618-2334,Longview,1738825761,Suspendisse sollicitudin elit massa volutpat Praesent Sed ornare condimentum mus posuere ad Curae tempus parturient Mauris ipsum pretium iaculis enim nec lectus eros egestas dictum Vestibulum Proin aliquam Class quam vestibulum mus vulputate aliquet lectus laoreet purus Maecenas
Louis Haney,Hayes@Cum.gov,771-251-5373,Bend,1748393453,ultricies hendrerit Duis euismod lorem vulputate Phasellus aliquet accumsan Nunc nibh id massa et
Ingrid Brewer,Laurel@mus.us,946-826-1110,Jonesboro,1740619474,pellentesque cursus facilisis venenatis ad tempus velit sollicitudin Ut eget id Aenean aliquam vulputate ultrices sem malesuada Nullam mollis turpis conubia accumsan non torquent vestibulum interdum facilisi nec adipiscing placerat consequat malesuada magnis nulla
Felicia Hicks,Tamara@elit.org,189-037-7146,Winnemucca,1747683410,eleifend est ridiculus non lobortis suscipit parturient mus Vestibulum Curabitur dis dictum in elit consectetuer Integer mollis Integer quam hendrerit Nunc nec
Adena Roberson,Dalton@sem.us,443-419-1928,Torrance,1765285992,porta Integer ante vitae vel
Iona Dale,Alexandra@morbi.gov,345-782-3615,Columbus,1764334284,mus elementum ultrices molestie sapien ligula
Althea Brewer,Jackson@cursus.edu,301-679-7788,Frederick,1752075158,nonummy odio ipsum imperdiet lacinia euismod
Steven Robles,Lacy@nulla.edu,388-382-1760,Beacon,1751948732,Nullam nostra faucibus tincidunt varius rutrum sit malesuada
Tad Garcia,Avye@congue.us,844-519-3647,Claremore,1757580176,torquent nibh Praesent auctor Proin imperdiet netus penatibus
Gage Cohen,Alan@congue.gov,107-405-7534,Cedar Falls,1756013793,fringilla per vitae sociosqu scelerisque dignissim lectus euismod pede laoreet pharetra ullamcorper felis Curae quis
Daquan Wilkins,Kim@mauris.com,665-512-2229,Selma,1763066870,Nam Cras quis magna Quisque massa ante senectus
Odysseus Winters,Yuli@libero.net,998-404-6917,Torrington,1761686041,metus convallis eget gravida penatibus rhoncus
Medge Hampton,Brandon@pharetra.com,355-379-2304,Tonawanda,1745740228,Aliquam faucibus imperdiet parturient hendrerit venenatis mi tortor dis litora Donec eget nec mi
Cyrus Joseph,Abbot@senectus.net,294-555-1280,Yukon,1753118003,pulvinar felis adipiscing mauris tristique cubilia Suspendisse Etiam dapibus sapien hymenaeos enim nisi vulputate pretium magnis non Integer Nulla molestie a justo lobortis litora natoque Vestibulum sed iaculis Curabitur elementum ad tortor Nunc congue senectus
Zeus Schneider,Delilah@urna.org,709-737-1615,South Portland,1757083677,pellentesque Curae neque volutpat neque tristique sollicitudin Nunc at habitant scelerisque ullamcorper adipiscing senectus tristique Vivamus Sed mollis libero Integer dignissim imperdiet condimentum lobortis pulvinar eget lectus Aenean morbi dui dui rutrum
Chastity Hess,Chancellor@molestie.gov,680-565-2582,Durant,1749915198,elit montes senectus libero aliquam magna Praesent velit fringilla
Sandra Garcia,Stacey@risus.us,813-789-1275,Rapid City,1747841960,imperdiet enim litora est nisi semper laoreet
Adena Hood,Hayden@lacus.com,274-936-3427,Kennesaw,1762685888,libero mauris penatibus tempus Donec Suspendisse sit scelerisque dolor morbi pellentesque leo adipiscing ligula ullamcorper nec iaculis viverra interdum lorem mollis tortor penatibus consectetuer placerat
Rama Craft,Quinn@Morbi.com,374-512-8475,Guayama,1746644984,nascetur nisi vestibulum dignissim id vestibulum Pellentesque ipsum eget natoque Curae Curae sodales massa Class ut urna laoreet imperdiet montes massa dis
Noah Perry,Grady@dui.edu,760-308-3307,Leominster,1748687719,orci sociosqu scelerisque placerat Vestibulum neque eleifend Cras Ut sociis consequat scelerisque lobortis bibendum non dignissim metus elit litora ligula ut bibendum rutrum facilisis orci auctor odio placerat nisl in venenatis nisl cubilia torquent
Timon Jones,Oprah@adipiscing.us,336-508-9585,Fresno,1754519050,senectus hymenaeos lacinia fringilla
Tasha Knowles,Troy@pulvinar.net,840-806-5676,Ruston,1745372701,tristique erat pretium primis magnis porta Integer luctus varius inceptos odio sed cursus pharetra quis Nullam eu elit velit sociosqu faucibus Morbi tristique nulla placerat mauris posuere Mauris fames ultrices nunc Integer pellentesque Aenean vel fermentum torquent sociis sociis
Maggie Santos,Katell@cubilia.edu,581-091-6315,Iowa City,1749687232,semper felis auctor nascetur est hymenaeos vel condimentum habitant lacus lectus enim dignissim nonummy Cum nibh ullamcorper ad Suspendisse vulputate leo Suspendisse est mi justo elementum
Gloria Lynn,Colt@vel.org,844-036-8654,Oklahoma City,1748256618,id mollis Aliquam ornare dis eleifend sed quis parturient fames dapibus In ultrices massa Class turpis
Ahmed Mccormick,Calista@montes.org,265-945-1338,Sun Valley,1752411051,arcu imperdiet imperdiet pulvinar nisl tortor malesuada nascetur Vestibulum dui interdum ullamcorper vestibulum neque tempus Fusce mus placerat congue
Kerry Collier,Jarrod@imperdiet.edu,815-217-8919,Gaithersburg,1739025962,Praesent risus lacus non
Malachi Fisher,Xanthus@nisl.net,047-189-2875,Northampton,1766061849,feugiat euismod varius nunc nec feugiat sit tristique Fusce tellus Maecenas nulla dapibus per velit porta consectetuer mattis fames lectus Vestibulum feugiat sociosqu Pellentesque dictum bibendum neque magnis hymenaeos massa porttitor sociis posuere primis Pellentesque condimentum luctus
Nero Battle,Tanner@quam.org,708-423-1524,Tampa,1759383150,adipiscing tortor primis aliquam mauris mollis augue laoreet elit odio Integer fringilla Integer volutpat in convallis lacinia aliquet molestie ac viverra
Madeson Dotson,Arden@ante.us,018-769-9787,Corvallis,1754344647,vulputate Proin tempor risus amet feugiat tortor ligula Vivamus vel Duis leo sodales tellus risus ad sed in varius sit dignissim ligula risus Nunc magna lorem natoque aliquet ipsum cursus sit lobortis mollis Sed Nullam
Mariam Reeves,Reed@scelerisque.gov,144-360-3653,Bay City,1762942105,mi dignissim nascetur sociosqu rhoncus lacinia suscipit Nullam ultricies pulvinar mus enim Class pretium Curabitur dignissim lorem Mauris faucibus facilisi tempor rhoncus dolor nunc Duis auctor venenatis Curae
Asher Chapman,Tobias@vulputate.us,933-671-1060,Vail,1765423964,leo mus elementum eget egestas porttitor justo penatibus et aptent nec diam Fusce pulvinar vulputate odio elementum hendrerit tincidunt cursus gravida pretium lacinia Duis consectetuer commodo condimentum
Hiram Pitts,Conan@tortor.net,617-158-1025,Belpre,1736342181,sapien tincidunt posuere consectetuer montes dolor aliquet In Donec parturient torquent vestibulum ac Class Class Duis ultricies gravida est Phasellus felis dictum lorem mauris facilisi consequat augue non semper Phasellus ad euismod imperdiet venenatis sit litora elementum sit sapien amet mus vestibulum ultricies sodales Pellentesque mus leo
Samantha Fuller,Mannix@Nullam.com,498-132-5106,La Habra,1754601153,hymenaeos tellus ad convallis Donec cursus ipsum eros neque dictum Cum eros odio urna blandit faucibus nisi penatibus Pellentesque in hymenaeos torquent metus ut Nunc Integer Quisque justo porta convallis sit ligula Maecenas ultricies Morbi aliquam
Damian Quinn,Kirestin@vitae.gov,786-477-5462,Fairbanks,1743510846,ridiculus euismod turpis dignissim eu nibh Curae justo et Nam Nam morbi Curabitur sapien scelerisque eleifend risus vitae neque justo consequat neque Phasellus Pellentesque ridiculus primis viverra faucibus congue tristique sollicitudin
Edward Roman,Adam@Curae.edu,080-780-0036,Farrell,1764117176,primis laoreet dolor amet mus ante Nunc vehicula sem nec Nam Maecenas nibh nisi cursus interdum vehicula metus pharetra lacinia et senectus magna sollicitudin accumsan
Macy Bradley,Tanya@torquent.us,194-447-1267,Midland,1737768860,ornare pellentesque Mauris semper Praesent libero Nulla Duis nonummy Cum aptent porta dictum nisl cursus Curabitur in dui facilisi Ut sapien ipsum ut dolor dolor Vestibulum cursus
Emily Neal,Kellie@tristique.us,372-839-2956,Mount Pleasant,1753431109,cursus dis suscipit commodo scelerisque pede Morbi auctor elit adipiscing eros euismod Nam Vivamus nostra ad velit placerat tristique nec dolor netus feugiat eleifend pretium aliquam Nulla facilisi Nam sapien per auctor interdum libero conubia Aliquam
Ivana Fitzgerald,Sonya@facilisi.edu,069-452-9390,Tulsa,1738965525,Duis nisl imperdiet non suscipit a Cras dictum leo aptent Aliquam inceptos aptent Cum pellentesque libero a vitae felis pretium Nulla dictum
Frances Horne,Imani@interdum.com,779-715-1500,Alameda,1747590354,turpis lobortis Nullam vitae posuere aliquet ornare arcu Morbi laoreet conubia Proin inceptos elementum fringilla dapibus laoreet malesuada suscipit placerat Duis metus Fusce dolor consequat ultricies nunc velit litora vitae dignissim fames aliquam penatibus
Zephr Evans,Xandra@tincidunt.gov,755-902-9798,Redondo Beach,1766795633,eget sagittis risus nulla taciti venenatis hendrerit Nunc scelerisque sapien ante tempus hendrerit orci sed nostra ultrices Praesent sit felis ac enim risus tempor sed
Nyssa Hoffman,Vanna@urna.net,478-784-5281,Agawam,1743165168,aliquam morbi posuere dui dapibus lectus rhoncus nascetur Sed lacinia placerat eleifend nulla rutrum ad porttitor sodales pede pulvinar sociis tristique magna taciti dui gravida pharetra In rutrum cursus id parturient sagittis nisl elit inceptos tempus semper volutpat magna risus
Levi Burch,Richard@blandit.gov,192-284-1074,Gainesville,1736272366,viverra Phasellus volutpat laoreet Nullam vehicula facilisi per id dictum Class conubia tempor pellentesque inceptos fermentum ultricies laoreet magnis convallis ultrices
Axel Merritt,Vance@sem.us,443-258-1903,Charleston,1745693409,netus risus fringilla Vestibulum Nunc dictum senectus dictum inceptos Vestibulum risus primis Aliquam nunc mi dolor dictum lobortis odio penatibus mollis adipiscing Lorem inceptos conubia euismod
Erasmus Golden,Keegan@sem.net,683-361-1610,Atlantic City,1741205881,velit gravida malesuada Curae libero Cras metus nostra fringilla facilisi eleifend nascetur risus suscipit pretium varius gravida commodo nibh commodo a Class molestie sem nascetur vestibulum habitant nascetur Nam penatibus ante accumsan consectetuer diam nunc dapibus felis in ipsum Aenean egestas vehicula turpis lacus penatibus per Nam hendrerit vitae
Dieter Ramsey,Ria@Mauris.us,229-687-2346,Saint Paul,1746857133,pretium netus sodales varius Nullam Vivamus ad mus rhoncus lacus mus sapien Vestibulum ac senectus risus eget ante iaculis ultricies pede montes dis mus metus
Jade Castaneda,Justine@cursus.edu,793-644-7247,Kalamazoo,1740463476,Etiam nec Curae pulvinar id molestie mattis taciti egestas mollis malesuada scelerisque iaculis ultricies est quam vehicula volutpat ullamcorper id litora placerat venenatis sem Mauris mattis risus conubia venenatis varius iaculis urna sollicitudin Etiam ridiculus mollis pharetra non conubia odio
Mercedes Lester,Jaime@nisi.net,867-870-8345,Cheyenne,1760066333,ante egestas ullamcorper consequat varius lectus sollicitudin non
Stella Romero,Fay@Sed.com,216-775-2074,Pawtucket,1752847956,dis Nunc arcu tempor semper nec Aenean
Aretha Short,August@sagittis.edu,710-445-9269,Taylorsville,1736591789,Curabitur dui nibh feugiat gravida volutpat nec
Olivia Sears,Kirk@metus.edu,947-122-6921,Beaumont,1739208332,condimentum neque semper condimentum elementum semper pharetra aptent torquent at tellus odio habitant orci egestas Donec adipiscing Nullam varius neque orci bibendum morbi montes
Hammett Sheppard,Omar@commodo.org,148-919-2776,Falls Church,1757504613,condimentum scelerisque hendrerit enim Vestibulum montes nisl parturient commodo orci Maecenas hendrerit suscipit hymenaeos nunc In volutpat quis ac hendrerit Aliquam suscipit Etiam Quisque venenatis urna vitae Vivamus eros Cum pretium libero quis auctor mattis montes odio est molestie eros penatibus tempor pellentesque ligula
Cadman Lopez,Kirsten@Vestibulum.us,611-085-6603,Waukegan,1760917674,a egestas dignissim ad dapibus at sociosqu imperdiet sociis aptent porttitor Curae fames Mauris aptent dictum commodo nonummy tortor Nulla semper pulvinar accumsan eleifend fringilla nec in imperdiet euismod quis dignissim lorem habitant porttitor Cum arcu metus fermentum
Adam Byrd,Maite@nec.com,929-371-2651,Bristol,1758856942,hendrerit leo placerat arcu hendrerit odio enim felis vel Mauris dolor rutrum ridiculus aptent neque Sed Mauris felis
Inga Mercer,Carly@scelerisque.gov,281-401-5881,Guánica,1737632641,Vestibulum Ut ad accumsan dui placerat dolor Nulla per condimentum in rhoncus blandit mus malesuada
Phoebe Banks,Melinda@egestas.us,183-872-0145,Sutter Creek,1745442083,senectus Fusce dapibus tellus non facilisis conubia Praesent nisl cursus elementum
Rajah Gutierrez,David@In.net,837-399-6539,Winston-Salem,1764834202,felis penatibus adipiscing placerat vulputate Donec facilisis metus dapibus tempor Fusce condimentum nascetur torquent rhoncus nunc fringilla ornare vestibulum ipsum vulputate natoque sodales vel rhoncus risus posuere Etiam at nulla malesuada
Tallulah Barr,Shannon@placerat.edu,745-770-3621,Cedar Rapids,1750421252,Curabitur senectus morbi nec dignissim hendrerit consequat sodales ridiculus magnis facilisis Pellentesque vestibulum convallis lacus rutrum mus felis erat dolor ornare Nulla non rhoncus Morbi augue Nunc Fusce imperdiet mauris Class facilisis
Acton Forbes,Marvin@erat.gov,348-672-6831,Port Washington,1748774198,penatibus nostra facilisis blandit scelerisque tellus magnis sagittis tristique nisl senectus lectus consectetuer sociis natoque libero ornare ligula
Alma Beasley,Cameron@consectetuer.com,881-121-8475,Yakima,1753467838,Aliquam mauris nunc rutrum faucibus sapien ultricies convallis convallis inceptos
Russell Kelly,Wyatt@varius.edu,720-724-3570,Madison,1752270040,consequat vulputate ullamcorper congue vel viverra primis massa eu tellus Class cursus sodales tincidunt
Tashya Parker,Jaime@congue.edu,007-162-8704,Kenosha,1744081676,elit amet fames a sagittis mauris montes nisi pulvinar nunc ut eleifend Aliquam turpis est imperdiet iaculis litora eleifend sollicitudin ornare hymenaeos Sed lacinia lacus venenatis pulvinar dui Mauris ultricies porttitor imperdiet ornare justo
Nomlanga Thomas,Raymond@nisi.gov,536-944-1547,Little Rock,1764039192,Suspendisse Integer faucibus faucibus quam congue nisl egestas Integer nunc sociosqu tellus ad neque penatibus Morbi fringilla a ante semper ornare vulputate sem elit fames pede ligula tempus cubilia sed a tempus Cras dolor risus fringilla Etiam Pellentesque aptent natoque habitant nostra Nullam nostra
Abigail Gomez,Imelda@libero.gov,402-697-6712,Pembroke Pines,1761014769,ultricies per id morbi felis Phasellus quam nulla ut semper Duis senectus ornare fermentum ad Vestibulum nascetur ipsum eros parturient nec netus Praesent vulputate
Harding Mason,Quentin@justo.org,551-742-0574,Vergennes,1764898667,nascetur sociosqu pretium volutpat risus sagittis quam congue dolor lacinia aliquet Nullam amet conubia ultricies congue dis lobortis Aenean torquent litora Nulla hymenaeos primis orci viverra litora ligula eget convallis Maecenas ligula Aliquam pellentesque venenatis lacus lacus magnis gravida cubilia odio ultrices morbi consectetuer volutpat parturient dolor
Oren Hester,Sharon@massa.edu,698-388-0282,Topeka,1759330564,semper massa libero suscipit semper elit massa tincidunt vestibulum rhoncus morbi nunc diam cursus viverra pharetra vehicula semper In rutrum Morbi neque Pellentesque bibendum urna Sed egestas Nulla dis eros ornare gravida est scelerisque sed Aliquam Nulla Fusce litora egestas metus eros litora sem pharetra ut Fusce odio lacinia
Calista Shelton,Erich@ipsum.com,292-326-9985,Great Falls,1753792405,blandit nascetur imperdiet iaculis dis Quisque placerat primis magna Praesent conubia
Rooney Patton,Wang@nulla.net,323-649-8553,Saint Louis,1743114878,accumsan fringilla Sed quis a diam ultrices molestie dignissim elit ultricies Nam consectetuer Lorem
Anjolie Richards,Constance@faucibus.us,286-134-8932,Bethlehem,1754928767,mi volutpat Class natoque nostra Class conubia torquent laoreet non Nulla laoreet tortor primis orci turpis
Wyoming Cruz,Kirby@Quisque.org,482-362-4535,Manassas Park,1764152071,est malesuada semper Nullam ultricies natoque
Martin Fischer,Hope@neque.com,073-410-6384,Wausau,1739212889,odio Lorem cursus dignissim conubia luctus tempor euismod
Macaulay Francis,Omar@magna.us,518-079-8506,Bloomington,1748565291,ac facilisi sociosqu arcu mus magna lorem Suspendisse molestie penatibus sapien imperdiet ultrices volutpat aliquet dapibus Morbi sapien fermentum neque felis nonummy Duis nascetur eleifend ultrices blandit eget per Suspendisse ac massa dignissim ultricies urna elementum nascetur Duis erat tristique cubilia fames diam Phasellus Cras
Brittany Noble,Katelyn@malesuada.com,247-895-3315,Winston-Salem,1761156729,Nunc erat Phasellus aptent lectus malesuada Duis dui malesuada amet lacinia rhoncus nec facilisis magnis sapien nisi lobortis
Lance Ware,Nathan@nisi.org,556-719-2471,Texas City,1739945866,ridiculus Mauris fames nonummy eros euismod mauris iaculis lobortis Class lacinia convallis egestas lacinia Pellentesque euismod morbi adipiscing cubilia condimentum imperdiet Cum viverra ullamcorper malesuada vel Aliquam Class tempor Fusce per iaculis vehicula viverra mauris ante Etiam dui bibendum hendrerit Phasellus Proin
Ann Hale,Buffy@sapien.gov,287-245-7127,Scottsbluff,1761042813,interdum eu imperdiet
Channing Conway,Cassady@tortor.gov,229-781-6087,Olean,1762136910,venenatis mollis ultrices arcu Phasellus imperdiet est bibendum
Preston Burris,Jena@tellus.us,848-501-7923,San Juan Capistrano,1758134401,taciti vestibulum sociosqu aptent Integer Mauris laoreet dictum felis habitant Donec Vivamus Nulla Nunc enim Nulla ultrices ad sociosqu id egestas malesuada sapien Nam fermentum In arcu Aenean odio mauris erat Nam lectus cursus egestas lobortis torquent viverra ante aliquam vestibulum Cras
Hadley Hobbs,Dominique@dictum.gov,515-503-8320,Orangeburg,1764629320,suscipit odio Quisque a eleifend pellentesque Cras quam arcu mattis lobortis rutrum sit lacinia dui habitant eu eros bibendum porttitor ultrices semper laoreet
Maryam Dalton,Margaret@semper.us,897-871-7254,Spokane,1743242872,lectus facilisis Aenean Etiam gravida augue habitant Cras Pellentesque tortor mus nascetur conubia sociis lacinia Fusce ad netus primis In nisl habitant pharetra ullamcorper habitant nulla aptent malesuada Cras Cras porta
Logan Malone,Sierra@posuere.org,409-216-9827,Hoboken,1736552472,Morbi viverra Aliquam auctor et vulputate non sem in senectus lorem rutrum Aenean vehicula a primis semper taciti velit Integer dignissim Aliquam primis torquent aliquet nostra conubia Curabitur Cum sapien adipiscing hymenaeos mi lectus tortor Maecenas cursus luctus mi iaculis Pellentesque convallis non Maecenas
Rhoda Branch,Berk@massa.edu,320-317-1832,New Orleans,1737402300,nonummy convallis Maecenas mauris iaculis viverra Nunc ridiculus a ad posuere libero scelerisque iaculis consectetuer nunc imperdiet in convallis Ut ante cursus Aliquam Sed pharetra dui Vivamus dui porttitor cubilia Class pretium quis Nulla Praesent a orci habitant tempus tortor diam mollis eleifend ornare
Yeo Wilkinson,Lisandra@pede.net,311-818-7501,Geneva,1758091853,varius porta sollicitudin magna magna senectus ad lectus neque tortor natoque inceptos senectus nostra faucibus auctor
Merritt Woods,Leonard@justo.net,119-249-8291,Ypsilanti,1745213928,massa eleifend luctus In morbi metus eros convallis varius congue pede ridiculus velit luctus Cum id montes mollis nibh Integer porttitor Lorem in dapibus ipsum adipiscing inceptos Morbi parturient pharetra nisl Morbi hendrerit adipiscing nostra
Tallulah Pollard,Leigh@suscipit.edu,746-265-1472,Marietta,1749219704,felis Nam litora sagittis faucibus vehicula varius blandit accumsan varius nec felis nisl ut elementum id Maecenas tincidunt nisl magnis eu urna at condimentum tincidunt vel dictum a consequat faucibus gravida Etiam hymenaeos tortor eleifend cubilia taciti sodales varius venenatis hymenaeos
Charlotte Kramer,Kathleen@dapibus.gov,590-483-6669,New York,1762526575,consectetuer a interdum tempus venenatis cursus non ac Morbi amet sem suscipit magna Suspendisse vitae cursus posuere urna venenatis Sed at ligula Class lacus ultricies mauris nostra sociosqu venenatis dolor Proin dictum Nulla leo congue convallis netus
Sybill Torres,Shelly@molestie.edu,501-434-3293,Rancho Cucamonga,1751117300,consequat malesuada Aenean fringilla tortor in et mollis Aliquam pharetra facilisis
Ulric Castro,Fuller@consequat.com,322-457-4396,Sault Ste. Marie,1754176868,metus quis leo sit commodo facilisis vel velit pede gravida dui netus congue malesuada mauris lacus felis primis fermentum dui Quisque conubia pharetra Vestibulum Maecenas porttitor rhoncus Aenean sociis dui Etiam lobortis Aliquam semper nostra netus ipsum ultricies facilisis lacinia vestibulum
Jackson Summers,Dorothy@odio.com,207-492-0926,Edina,1763946420,auctor lorem pharetra Nunc mauris Nunc nibh pellentesque consectetuer vehicula interdum feugiat nec Phasellus Lorem taciti risus mattis Curae id ridiculus erat viverra consequat
Jescie Snyder,Kameko@per.com,884-689-3943,Plano,1752323750,mollis Nulla Ut Proin Curae hymenaeos nisl feugiat iaculis ac Fusce imperdiet ad velit leo fringilla Curabitur
Linus Baird,Brock@ac.edu,675-177-8314,Myrtle Beach,1747240207,pulvinar urna quam risus Curae orci nonummy bibendum Ut turpis conubia Sed pulvinar purus amet eleifend rutrum elit lacinia orci mattis pharetra ac sodales Aenean per lobortis augue feugiat risus Phasellus tristique adipiscing pharetra
Vernon Herman,Uriel@pede.com,978-861-7785,Rialto,1763240274,litora justo facilisi ridiculus porttitor tortor Quisque posuere augue lobortis ut sem auctor Aenean id felis accumsan quam metus
Natalie Wynn,Joshua@adipiscing.com,594-534-9224,Belleville,1759393580,Nullam Aliquam tortor Curabitur ad nibh inceptos Vestibulum faucibus Nullam purus Class malesuada Duis porta orci Maecenas dolor pharetra ac dis habitant egestas Nulla Nullam tincidunt fermentum In at mus urna turpis ultrices sociis Nullam imperdiet ac euismod elit accumsan et Fusce facilisi neque purus Etiam
Coby Sellers,Raja@Vivamus.edu,310-676-0490,Aspen,1742573454,felis Sed penatibus Nullam rhoncus natoque commodo Quisque ultrices Nam magna Vivamus molestie morbi diam tristique consequat sollicitudin
Katell Ortega,Alice@justo.com,918-879-1466,La Verne,1758600287,taciti hendrerit Praesent a erat nisi viverra consequat lorem consequat conubia Nunc netus mus vulputate
Destiny Albert,Sonia@dolor.edu,835-532-9389,Yonkers,1748763308,id quis scelerisque pharetra purus viverra iaculis magna vel rhoncus Proin Duis Vivamus metus pede fames imperdiet semper molestie auctor tempor Vivamus diam vel sollicitudin molestie felis natoque venenatis commodo hymenaeos malesuada pulvinar molestie velit nibh tristique ornare elit varius inceptos auctor massa dolor malesuada
Orli Mcclure,Joelle@tempor.gov,926-704-7296,Middletown,1744154582,tempus lacus taciti Morbi turpis lacus laoreet tempor hymenaeos Fusce cubilia erat volutpat In porttitor mollis interdum facilisi auctor imperdiet lorem Aliquam Sed est non eget urna Donec ridiculus per pretium nisl metus
Valentine Justice,Prescott@volutpat.gov,195-749-7805,Glendora,1748767837,erat vitae dui elementum iaculis risus Curabitur quam bibendum sed ante feugiat mi blandit mauris sociosqu Vestibulum eu mattis taciti conubia taciti ligula parturient accumsan ipsum Lorem adipiscing libero facilisis convallis rhoncus
Cyrus Justice,Raymond@Praesent.gov,154-299-9011,Independence,1757042382,sollicitudin in Ut ullamcorper vel
Samson Conner,Sacha@fringilla.gov,300-650-4735,Buffalo,1737369986,placerat risus mi felis nec montes velit inceptos augue eu mollis eu taciti egestas gravida posuere quam bibendum augue sociosqu facilisis Aliquam malesuada mattis ligula ipsum quis In libero enim interdum dapibus volutpat magnis
Adara Cohen,Jesse@lobortis.com,818-912-7167,Pottsville,1750052444,risus mus neque Sed vitae Pellentesque luctus Fusce non risus cubilia ornare risus iaculis tortor fermentum Curabitur est in Pellentesque mattis mi pede Donec sapien volutpat hymenaeos arcu cursus quis nostra primis accumsan urna euismod fames elementum auctor erat lectus amet diam interdum eget vehicula Nunc conubia
Orla Reyes,Briar@senectus.com,481-364-1552,West Hollywood,1740631165,eleifend felis dis tempus ornare faucibus litora euismod sem vestibulum litora leo Ut Integer conubia parturient et vulputate accumsan massa suscipit ultrices egestas dapibus pulvinar pellentesque fames a Morbi hendrerit vel Fusce Vivamus ridiculus in iaculis volutpat imperdiet at Fusce rhoncus ultricies nostra Ut lacus
MacKensie Gregory,Gage@sapien.edu,320-752-1262,Fontana,1737907682,mus pharetra vitae urna penatibus feugiat porta ad facilisi id nascetur ad Nunc ridiculus ac ante porta sit non felis elit Class vitae interdum
Omar Miranda,George@condimentum.org,746-309-9430,Selma,1764004417,amet ultricies rhoncus porttitor Cum netus nulla ad Ut tempor ut Nunc quis Nunc a rutrum Curae a convallis Nam auctor vitae Aliquam varius pulvinar senectus fermentum bibendum ipsum Nulla bibendum hendrerit gravida
Rose Pate,Tanek@fringilla.edu,743-872-4898,Dana Point,1766038645,Nam magna Class ornare dolor morbi inceptos eros Maecenas adipiscing mi rutrum eros euismod vitae In fames dictum montes lobortis Pellentesque litora bibendum varius
Rajah Mcdaniel,Shea@Aliquam.edu,557-056-2613,Fargo,1750635814,porta sodales Nullam turpis vel fringilla
Hector Phillips,Richard@interdum.net,478-594-0512,Parma,1738696883,fames mattis In congue primis
Ulysses Pruitt,Ferris@sit.edu,872-946-1710,Wheeling,1759796412,sem erat conubia tristique Class egestas nunc blandit vulputate Cras sagittis habitant Morbi Vestibulum volutpat Cum fames diam ante In In vulputate ultrices nostra Maecenas nibh in pharetra non vulputate
Andrew Buckner,Kelly@sapien.us,784-133-7966,Mobile,1741630174,elementum justo faucibus per at dolor vulputate semper nascetur mus pulvinar
Chaim Roach,Kiona@Quisque.com,463-736-5244,Texas City,1763884889,inceptos Nulla rhoncus sagittis ridiculus Duis porttitor
Macy Holland,Devin@adipiscing.us,234-881-4721,Sheridan,1742704458,sagittis pede vel velit ligula
Tarik Lloyd,Chase@imperdiet.us,859-153-0122,Azusa,1748042921,non augue sem posuere vestibulum sagittis scelerisque dis Aenean nostra sapien Ut Praesent consectetuer Proin viverra tristique venenatis pharetra pretium porta Vestibulum Class eu malesuada nisl habitant purus lacus taciti mattis Curae laoreet Etiam auctor Morbi Vestibulum rutrum malesuada Praesent ornare morbi Pellentesque commodo rhoncus
Perry Delaney,Quinn@inceptos.com,192-826-1184,Egg Harbor,1765954214,id malesuada Quisque volutpat urna sit conubia nunc tortor enim est varius dignissim imperdiet ac pharetra magna aliquam torquent tellus litora ligula eu Phasellus lacinia est accumsan tempus auctor Vivamus fermentum vel luctus mus metus id mattis Proin ultrices
Colin Mendez,Aiko@eu.com,013-542-5263,Calumet City,1736676117,a vitae Vestibulum justo mi in egestas erat Maecenas sit
Dale Lester,Quinn@accumsan.net,457-509-6318,Thomasville,1760740649,hymenaeos ac luctus morbi accumsan placerat sociosqu sit pede sit Etiam magnis morbi mus id adipiscing blandit Integer pretium nibh
Noel Rosa,Nerea@risus.gov,900-894-4025,Avalon,1757136091,pellentesque natoque pulvinar lorem dis netus scelerisque Suspendisse iaculis Nullam Curabitur ante ultricies fames pharetra eu hymenaeos torquent hymenaeos Sed et lobortis tempor felis volutpat Curabitur accumsan nostra mattis tristique lorem primis Donec a nulla neque consectetuer netus ultrices magna eget imperdiet sollicitudin montes libero Maecenas magnis
Kiona Stephens,Naida@Morbi.org,978-426-3236,Helena,1755612213,bibendum fames dolor parturient enim dolor torquent posuere at taciti consectetuer semper scelerisque urna Pellentesque quis taciti vitae condimentum Pellentesque Aliquam nonummy nisi dictum vestibulum Nunc mus fermentum Aenean Morbi Curae vestibulum neque lorem malesuada enim sollicitudin nisl habitant primis inceptos lacus urna Maecenas Proin est cubilia Class tincidunt
Willa Hardy,Aladdin@ligula.edu,997-835-7922,Grafton,1752360669,cubilia eu dictum Praesent fringilla nunc lobortis sodales adipiscing volutpat parturient dis natoque ac pede Etiam montes non Integer id Lorem vestibulum convallis
Brady Singleton,Hayes@Donec.com,953-328-6700,Stafford,1762857884,nisi dis consequat Sed tempus nulla pretium tortor adipiscing Maecenas diam
Derek Cervantes,Ian@enim.com,411-459-2803,Bay City,1756864422,pellentesque quam rhoncus porttitor ad eros eu facilisis semper risus pellentesque eros Praesent litora faucibus eget cursus id justo purus Proin mi nisl nec molestie non augue odio ante tincidunt Nulla odio
Yoshi Stuart,Keelie@ut.net,181-219-2714,Rancho Santa Margarita,1761156055,montes risus facilisi posuere pede semper penatibus libero augue varius commodo nulla ullamcorper dapibus Vivamus neque
Kylynn Small,Lane@Vestibulum.org,588-303-7211,Indio,1743080923,faucibus lorem placerat accumsan Nulla dignissim
Colleen Kline,Uma@semper.us,651-403-6545,Pasadena,1753681628,sit libero dictum felis sagittis cubilia quam Cum
Igor Morrison,Lyle@facilisis.us,465-084-1833,Laurel,1738011538,eleifend justo ultrices sociosqu posuere Cum gravida mollis hendrerit faucibus magna Nullam lorem mus vestibulum taciti ultricies pede Maecenas libero orci sollicitudin
Otto Benjamin,Tara@mauris.gov,668-558-2669,Bangor,1755047533,ornare parturient pharetra iaculis sem
Melissa Riggs,Emmanuel@penatibus.gov,116-334-5784,Radford,1751704517,pede morbi urna magnis sem Cras dignissim ipsum per Fusce a neque dictum bibendum lectus mauris nonummy adipiscing rhoncus Ut tristique lorem mus mollis felis In feugiat per est primis taciti bibendum Lorem Nunc
Kyle Kramer,Sharon@molestie.org,284-179-1678,Lodi,1749325264,id venenatis dis tellus justo sollicitudin quis eu hymenaeos lacinia mauris Nulla blandit eleifend montes posuere
Risa Robertson,Alfonso@sem.edu,749-087-0689,Peekskill,1740036980,consequat sed eleifend iaculis tristique consequat tincidunt euismod ligula magnis magna mi Ut vehicula mi tempus non eleifend purus ad habitant vestibulum
Aaron Morrow,Porter@Etiam.org,511-367-0997,Torrance,1759867196,eros leo hymenaeos mollis euismod orci pede luctus magna nisl Aenean vel congue Pellentesque rhoncus lacus condimentum eros Ut est euismod taciti viverra
Raja Burgess,Clark@conubia.us,671-994-3564,Mesquite,1736409310,commodo nascetur conubia elementum mauris ultricies ut lorem dictum erat conubia vestibulum posuere torquent
Aristotle Welch,Dexter@id.edu,982-999-9059,Tamuning,1753937564,porta libero morbi aptent fringilla mi venenatis pellentesque hendrerit dignissim rhoncus rutrum nostra Morbi commodo nostra mus et laoreet blandit Nullam placerat eget habitant fringilla massa
Warren Robinson,Kamal@iaculis.gov,092-760-8838,Midland,1742368413,mi lobortis at vestibulum mollis elit velit rhoncus
Wade Dominguez,Brennan@aptent.org,799-554-7056,Salt Lake City,1753180796,libero Suspendisse tempor Mauris
Jolene Flowers,Carla@Ut.edu,266-820-4318,Muskogee,1749781178,facilisis dignissim eget
Denton Flores,Galvin@per.gov,197-219-6689,North Charleston,1737688427,Curae urna in leo facilisi tortor in sollicitudin euismod tellus fames mi arcu imperdiet Duis orci dictum tempor sollicitudin vitae habitant Maecenas pede vitae interdum pede nulla quam In enim velit blandit aliquet vitae ultrices turpis Proin pellentesque per
Sydnee Malone,Libby@pulvinar.edu,969-828-8889,Kenner,1738541901,Nullam amet Pellentesque consequat sagittis luctus cursus justo nec et sit Nullam senectus dictum quam eros turpis sapien consequat dis Proin imperdiet
Ima Fleming,Walker@penatibus.net,336-275-1874,Elkhart,1762721793,Class faucibus Integer nunc Phasellus ut nisl magnis Curabitur tincidunt rhoncus pharetra dis quam id ac ultricies Proin amet cubilia aptent nascetur at posuere ad Donec scelerisque Sed mus mus dis Fusce consequat vehicula non vulputate
Basil Jarvis,Eric@neque.org,157-619-3014,San Clemente,1747274476,Fusce conubia fermentum Ut elit vulputate Vivamus nunc rhoncus Curae pharetra nonummy senectus blandit at interdum netus elit Cum lorem enim elementum risus dapibus lacus fermentum posuere Curabitur et risus vestibulum nostra nascetur
Ray Rosario,Evangeline@vestibulum.us,986-021-4974,West Covina,1737076194,tempus quis porttitor vulputate nisl Quisque primis augue dui posuere at sit ipsum pretium netus morbi ultrices mollis semper imperdiet sagittis torquent ornare parturient Donec ullamcorper venenatis lacus egestas senectus convallis lorem nulla eu scelerisque dolor Pellentesque justo ornare lobortis vitae risus porta egestas tortor bibendum cubilia Etiam
Kessie Mills,Cedric@inceptos.us,146-205-5975,Carrollton,1757907992,Vivamus Cum sit Nulla placerat id nisi dictum Proin Praesent primis faucibus erat eu
Amelia Martinez,Jamal@Cras.net,011-528-8787,Carson City,1744076929,tristique Sed pretium tempus feugiat cubilia at nonummy sollicitudin eros rhoncus interdum volutpat malesuada porttitor inceptos habitant tempus pulvinar Vestibulum nonummy mattis elementum mauris non posuere urna Fusce dolor mollis Suspendisse fames turpis tellus vehicula orci Aliquam non velit eros lobortis porta malesuada non Donec
Channing Byers,Brent@urna.org,480-057-2355,Sunnyvale,1739934961,Vivamus urna eu scelerisque lobortis sagittis porta
Renee Anthony,Jolie@Aenean.org,794-728-7126,Hawaiian Gardens,1739857010,taciti a dictum semper nec Ut conubia nascetur dui mi montes mattis ad sem nisi tristique euismod Aliquam Duis massa placerat dapibus mollis orci vitae varius nulla vel fames Lorem aptent montes aliquet felis lorem et ridiculus sem Curabitur turpis nulla aliquet vitae dapibus
Slade Shannon,Wyatt@amet.com,009-751-2376,Staunton,1754081650,aliquam tortor mus diam tempor nulla netus natoque hymenaeos nisl posuere morbi diam nulla nunc magna iaculis Curae aliquet nonummy id elementum amet lectus dignissim natoque Aenean facilisis pellentesque Phasellus ridiculus tincidunt sociosqu erat condimentum magna ultrices primis nonummy pulvinar sem ad lobortis Mauris amet lacus et primis
Germaine Gentry,Quinn@et.org,039-214-2908,Douglas,1766694179,lobortis sociosqu eros blandit urna rutrum tellus parturient mus netus per magna Vivamus morbi ridiculus parturient vestibulum consequat tristique magnis eget Ut Cum Curabitur litora mauris Curae ligula Fusce a eget mus urna velit imperdiet vel ornare inceptos convallis erat
Amela Pruitt,MacKenzie@pulvinar.net,160-811-3202,Placentia,1761036482,sapien dapibus viverra venenatis Aenean ligula porttitor laoreet vel luctus ac eget faucibus volutpat pulvinar Cum feugiat
Hannah Hull,Abigail@nunc.us,460-104-4077,San Dimas,1750968222,Pellentesque sollicitudin Vestibulum sit orci Curabitur consequat eleifend odio tempus Praesent Cras sodales fringilla sem Nunc nunc Nunc ullamcorper lacinia parturient lobortis sociis accumsan
Victor Howe,Nehru@turpis.gov,969-081-0562,Seward,1758493235,sapien posuere Cras mollis Sed taciti vitae Aenean ridiculus dapibus rhoncus montes purus hendrerit inceptos dis vulputate natoque Nam taciti nascetur ante pede porta eget id Vestibulum neque sodales nonummy nisl augue metus consequat Class neque
Gwendolyn Allison,Jaquelyn@nibh.us,402-428-6793,West Lafayette,1766527175,mi hymenaeos hendrerit dapibus mus Morbi varius ultricies accumsan natoque
Amela Shaffer,Cheyenne@nisi.edu,398-190-3036,Ruston,1746657782,malesuada semper diam malesuada Nulla nisi taciti arcu consectetuer urna tempor eget enim morbi sodales tincidunt varius tempor scelerisque Curae pharetra tincidunt cursus dis nascetur nisi mollis facilisis tortor consequat amet urna tempor Proin nostra sem senectus sem varius enim Curabitur eu hendrerit eu commodo nulla Vivamus consectetuer rhoncus Integer
Meredith Flores,Orla@augue.org,111-087-1657,Lebanon,1741410307,mi congue sagittis natoque Duis nisl interdum vel a Aliquam parturient sociis tempus ridiculus quam orci bibendum odio eget facilisi diam Curae ridiculus posuere primis ligula ridiculus ad placerat convallis Etiam Class dolor semper netus
Xena Cortez,Ira@Suspendisse.gov,073-676-5986,Hoover,1737292996,iaculis Mauris velit pretium aliquam egestas aptent ultricies eros lacinia neque dui hymenaeos mollis aliquam sollicitudin pellentesque senectus sem eros Morbi ante adipiscing eros sed litora faucibus Ut ad luctus aliquet posuere Suspendisse venenatis egestas elementum posuere primis convallis pede hymenaeos parturient ac quam Class sollicitudin netus dui
Xaviera Duffy,Vernon@Mauris.us,897-008-9733,Baton Rouge,1752714514,vehicula ipsum dignissim arcu Ut lectus euismod Nunc Suspendisse congue
Winter Huff,Rose@sapien.gov,611-936-7476,Long Beach,1735872282,convallis metus sociis ipsum bibendum conubia magna tincidunt facilisis suscipit congue Vivamus facilisi netus nec non
Ivory Fuentes,Guinevere@Etiam.gov,869-324-6766,Hutchinson,1737269777,Aenean tincidunt non Morbi augue mauris natoque augue elementum cubilia porttitor Curae tortor blandit Mauris facilisis nibh erat mattis dignissim commodo sociosqu pharetra dapibus Cras turpis odio in Donec et primis vehicula mus mauris congue sapien
Angelica Mercado,Desirae@inceptos.net,038-364-1060,Lynn,1748513791,mauris Praesent felis aliquet diam aliquam rhoncus Nunc placerat ornare rhoncus laoreet consequat et risus cursus id ornare commodo dui lacinia mi eros lacus velit rutrum ultricies tincidunt tellus Quisque semper ultricies adipiscing interdum est lobortis faucibus mollis interdum mattis blandit turpis Praesent Duis hymenaeos
Upton Ramsey,Jonah@Sed.us,676-351-5873,Newport,1754006916,torquent enim facilisi dapibus ante Nulla Vivamus dignissim fermentum euismod pharetra orci Pellentesque lacus facilisis auctor nibh felis Sed varius sociosqu dolor purus
Tyler Christian,Neil@facilisi.edu,272-172-1072,Oil City,1758231762,pulvinar sem ornare gravida aptent Nunc montes orci porttitor inceptos Vestibulum elementum semper Class velit vel torquent sociis malesuada dictum pulvinar
Sophia Woods,Kaye@laoreet.us,989-609-7382,Grambling,1742132460,consequat feugiat rhoncus risus inceptos torquent Curae condimentum Phasellus Cum Cras nisi Ut diam elementum porttitor Curae ante magna commodo enim per ullamcorper sem mi quam Vestibulum litora vel ornare consectetuer rhoncus cubilia torquent viverra sed sem libero nec dolor feugiat placerat tempus
Naida Henry,Rafael@cursus.edu,984-678-8977,Caguas,1747673281,taciti varius enim Curabitur rhoncus magnis sollicitudin taciti lacinia
Calista Whitney,Clementine@hendrerit.net,029-204-5998,Franklin,1738482698,facilisis odio Class consectetuer nunc lorem sem interdum nostra fermentum pede Integer Ut metus sociosqu metus cursus Nullam pharetra turpis pretium Phasellus mus vitae Nullam nisi scelerisque porttitor sociis pellentesque ridiculus mauris morbi
Paki Simmons,Naomi@suscipit.gov,159-697-2268,Dallas,1743884951,iaculis pellentesque est commodo neque risus pulvinar sed bibendum sem pharetra tellus pellentesque imperdiet sed taciti mattis senectus quam pede
Keely Gross,Bruce@eros.org,315-591-8308,Yazoo City,1761934716,placerat Quisque senectus felis Etiam Aenean Aenean suscipit malesuada eros tellus
Davis Pennington,Carl@justo.gov,797-426-8087,Juneau,1744098484,penatibus urna leo euismod erat ac dictum montes Integer ultrices Nullam odio libero ligula pharetra lobortis eu metus dapibus montes aliquet Ut vel in non scelerisque ut at quis mauris sagittis Duis Nam lobortis dignissim mus imperdiet rutrum at Curae Aenean neque nascetur auctor Nunc aptent bibendum venenatis
Ryan Gonzalez,Daquan@Fusce.gov,898-419-8713,Villa Park,1747391152,nisl Pellentesque Fusce nunc lorem sociosqu eu netus adipiscing iaculis viverra ullamcorper iaculis Class posuere sem nostra volutpat Etiam bibendum tortor cubilia Vivamus blandit condimentum
Hillary Morin,Brody@semper.net,100-072-1591,Glendora,1750697205,magnis Etiam mus dis eget conubia netus odio diam velit sagittis fames netus bibendum lectus penatibus Nullam mollis primis pulvinar consectetuer et ipsum volutpat facilisis vitae purus ipsum vestibulum tristique nec orci fringilla lectus morbi aliquet luctus Aenean natoque mauris justo sapien tempor neque sed dolor Integer tempor eget
Gregory Burnett,Leigh@ut.edu,935-423-5482,Ventura,1746878267,rhoncus adipiscing imperdiet litora porttitor quam nostra viverra Morbi Nunc venenatis nibh tempor enim malesuada porta
Paloma Park,Ori@nostra.com,897-015-1614,Chicopee,1764650218,magna eget iaculis Aliquam ad Aenean condimentum natoque tincidunt Praesent Donec placerat ultrices a
Rina Clemons,Emerald@non.net,212-248-7838,Aliso Viejo,1755831690,tortor nostra neque consectetuer dui sit venenatis pulvinar condimentum dui Pellentesque lacus pretium mauris odio hendrerit nisi consequat risus Class mus diam adipiscing volutpat Donec Ut taciti pharetra ornare gravida dolor Fusce nascetur imperdiet interdum vitae torquent nisl leo risus interdum
Kirestin Church,Tatiana@tortor.org,632-032-5905,Laredo,1758225377,ultrices viverra Maecenas turpis posuere sit consectetuer justo venenatis viverra eget dapibus natoque laoreet lobortis Pellentesque facilisi consectetuer rutrum inceptos nostra
Darrel Dean,Brianna@tristique.com,888-781-5889,Beckley,1736988185,Integer lectus Morbi litora feugiat vehicula ultricies
Anne Powell,Orli@tortor.net,137-614-5550,Paramount,1736710020,inceptos egestas augue Cum pretium interdum vel adipiscing vel porta ullamcorper enim fermentum purus feugiat accumsan Phasellus vitae nascetur euismod arcu ornare mollis litora tortor enim dictum Vivamus
Vivian Barnes,Wade@magnis.com,140-470-1048,McAlester,1747702442,euismod pellentesque commodo quis facilisi gravida aliquet Nullam commodo ipsum quis sodales eu metus Fusce sociosqu felis lacus diam
Lars Baker,Garth@porta.net,124-035-9680,Kalamazoo,1755090796,purus torquent ipsum penatibus nonummy condimentum lacinia ullamcorper torquent Fusce pellentesque semper Aliquam feugiat blandit conubia mattis sociis Aliquam accumsan Nulla eros Proin netus morbi semper Lorem diam Lorem netus nascetur augue molestie rhoncus aliquet Fusce volutpat nonummy libero rutrum Donec justo Praesent
Ishmael Steele,Emmanuel@vestibulum.gov,815-125-2201,Las Cruces,1754265424,auctor litora taciti magnis tempus nostra quam nascetur euismod tempus pellentesque cursus leo malesuada risus semper eu faucibus tristique ullamcorper turpis mi ad ligula feugiat nostra adipiscing gravida imperdiet interdum Morbi turpis suscipit elementum Maecenas Quisque sagittis aliquet laoreet nibh imperdiet nonummy penatibus porttitor rhoncus eu varius metus
Hadassah Lloyd,Vivien@Sed.net,066-738-7822,Tupelo,1741451142,sem aptent dignissim justo odio tristique posuere enim feugiat
Gisela Hood,Oren@conubia.edu,934-677-3446,Alameda,1756901579,senectus euismod massa vestibulum ultricies fringilla
Darryl Garcia,Calvin@nostra.net,566-316-0124,Oswego,1740781308,placerat ac Phasellus non condimentum Vestibulum convallis mauris interdum Praesent rutrum neque pretium
Alfreda Mcdonald,Holmes@felis.com,814-180-9275,Pascagoula,1763494465,sed pharetra in tortor egestas lorem quam ac tincidunt odio Curae Class porttitor a Vivamus Nunc diam elementum fringilla pede Aliquam lorem conubia Quisque Cum risus Integer Curae bibendum dui ullamcorper netus erat ac fermentum
Hiroko Atkins,Lois@urna.edu,106-102-9959,Cedar City,1757486215,Nunc rhoncus cubilia non sapien eros a Curae Etiam morbi
Zephr Cooley,Wylie@pharetra.gov,476-892-9732,Auburn,1746959433,erat rhoncus rhoncus adipiscing diam congue lacinia tincidunt facilisis molestie libero parturient sodales dui ornare venenatis taciti litora sed Fusce tincidunt Vivamus
Rose Potts,Kermit@mattis.net,148-739-6037,Port Washington,1759261389,libero ac viverra Maecenas sem hendrerit risus volutpat viverra pede nibh pellentesque velit sem suscipit venenatis est dignissim purus eleifend In felis pede
Echo Dudley,Burke@dui.org,645-076-4245,Bayamon,1766239932,volutpat taciti venenatis nec scelerisque Cum ultricies Etiam justo sem ultrices bibendum pretium condimentum scelerisque luctus elit sem litora velit pellentesque orci eu feugiat vulputate Class
Benjamin Schmidt,Ian@faucibus.gov,095-288-2454,Savannah,1752854630,cursus eleifend magna tellus Ut a arcu nostra quis Lorem id sodales sagittis Cum Phasellus ante rhoncus aliquam elementum lobortis porta facilisis mus viverra mi ridiculus sapien varius sit condimentum nibh Ut primis nascetur sed rutrum fermentum Nunc pulvinar felis facilisi penatibus magnis tincidunt pede gravida ligula imperdiet
Chanda Murray,Olivia@nascetur.edu,954-245-6657,Hawaiian Gardens,1765583556,Fusce Mauris blandit mus sociosqu Nulla ut placerat ut malesuada ultricies bibendum
Kenyon Mcguire,Fulton@gravida.gov,870-964-0849,Agat,1740239739,Aenean pede viverra sapien senectus sociis nunc quam luctus dictum tristique Cum Integer dolor dolor dapibus molestie bibendum tempus scelerisque ultrices aliquet eget Maecenas hendrerit Aenean posuere suscipit Class lorem Vestibulum eget magnis dictum sociis
Porter Chaney,Daquan@semper.us,176-588-0209,Methuen,1739923584,parturient bibendum tortor imperdiet vel lacus a fermentum morbi lectus ultricies nibh malesuada ante
Eliana Alvarado,Derek@cursus.net,563-826-4191,Scranton,1747008451,lectus ridiculus senectus rhoncus arcu Phasellus malesuada inceptos dignissim Suspendisse vestibulum Praesent eleifend Cras tristique pulvinar faucibus tortor Proin laoreet commodo fames rutrum interdum enim sociis leo accumsan Etiam ullamcorper rutrum dictum augue nisi pretium egestas viverra mauris pede euismod lorem consequat Aenean a nostra habitant Morbi ullamcorper nonummy magna
Boris Armstrong,Lamar@malesuada.org,909-895-1103,Arvada,1751294052,nunc porttitor Praesent lacus taciti Nunc nibh tellus ullamcorper lacinia sapien nunc justo Ut aliquet pretium sagittis nibh laoreet
Derek Ramos,Raymond@dui.gov,228-991-5193,Rapid City,1756593885,mollis nonummy laoreet Curae Fusce Fusce Suspendisse rhoncus auctor pretium ligula eros viverra mattis rutrum habitant lacus sed per Nullam diam Mauris Phasellus nisl
Guy Warren,Felix@tristique.org,446-104-3489,Santa Fe,1739664889,nascetur sapien cursus convallis nunc ac non porttitor Vestibulum ornare tincidunt vel diam nibh fringilla elementum Ut nonummy netus Vivamus Lorem bibendum dolor id eu Nam senectus diam Class netus lectus fringilla sodales habitant Phasellus orci felis
Darius Harrison,Kaye@leo.edu,532-729-4772,Mayagüez,1765291651,netus auctor vitae Sed inceptos massa luctus sodales aliquet tortor nostra Nullam Curabitur Praesent lorem parturient gravida ipsum euismod magnis imperdiet luctus Aliquam nonummy lectus justo odio at Etiam Maecenas venenatis tellus
Keaton Welch,Tara@Aenean.gov,930-147-8803,Gastonia,1737443037,pharetra malesuada per lectus magna malesuada augue ultrices in Quisque In dolor blandit ullamcorper Nam eros dolor in est quam aliquet dictum magna tellus sit mattis nibh dolor rutrum
Graham Hatfield,Dorothy@Aenean.edu,238-108-4058,Sandpoint,1761833793,senectus in metus Lorem Suspendisse Suspendisse cubilia habitant nec Curabitur Nunc Fusce senectus a laoreet pulvinar Quisque aptent Class Maecenas morbi sed placerat molestie Aenean torquent sed eros Praesent erat hendrerit Pellentesque ante taciti mi lacus parturient posuere nascetur Aenean cubilia pulvinar sodales nisi pulvinar sed tincidunt
Lane Hardy,Gemma@orci.gov,082-287-8735,Kenner,1755671440,Curabitur suscipit sem elementum rhoncus taciti Mauris fames metus Proin hendrerit natoque pharetra ultricies parturient molestie accumsan lectus id elementum lobortis sociosqu sociis dapibus sem diam magna facilisi luctus Duis vulputate lectus Donec aliquet gravida Fusce scelerisque lorem Vivamus luctus nisl odio elit inceptos sed
Damon Greene,Adele@nostra.edu,799-259-0921,Easton,1739591379,commodo magna dolor viverra torquent non Vestibulum hendrerit congue dignissim enim nunc posuere tristique eleifend eget sagittis venenatis rutrum vestibulum amet nulla amet bibendum amet pharetra ac porta sociis ligula metus vulputate dapibus sociosqu dui tellus egestas eget Nam
Bo Gay,Carlos@molestie.us,429-606-1590,Alpharetta,1756400460,Quisque posuere nunc Nullam porttitor porta interdum pulvinar libero ligula ac ipsum pellentesque habitant vitae mauris odio torquent habitant sem eros ad vehicula tempor ultrices arcu faucibus mauris leo pulvinar pellentesque id lectus tellus dis blandit fringilla primis faucibus morbi est Cum
Alec Peters,Raphael@pretium.gov,727-418-2730,Saratoga Springs,1736626359,placerat arcu nisi per Donec malesuada non lacus Ut elementum luctus Donec tortor dis iaculis sociosqu
Grant Hester,Kevin@ultrices.com,493-439-2591,Jackson,1752144953,Morbi a lobortis eros rhoncus per mattis Praesent lacus ut vestibulum magnis nonummy rhoncus tristique auctor tellus vehicula vehicula ipsum Class sagittis ac condimentum aliquam Etiam mauris arcu Sed inceptos mattis tellus faucibus ut Cras consectetuer fringilla sapien magna facilisi
Oscar Garza,Keiko@quam.com,824-193-5604,Layton,1745137721,justo magnis ridiculus elit purus quis orci condimentum In libero Duis imperdiet rhoncus nascetur sollicitudin per nonummy egestas nascetur Sed leo
Jin Kinney,Mariko@gravida.org,574-592-2997,Belleville,1758031247,Donec ac nascetur Integer dolor quis scelerisque Vivamus conubia tempus orci nonummy Curae natoque in laoreet lacinia dolor habitant parturient ut
Quinlan Wright,Autumn@Duis.com,750-054-8869,Rutland,1758899372,enim gravida viverra cursus et Proin fringilla quis
Carter Chang,Gannon@non.net,590-980-4054,Sunbury,1747684372,placerat fermentum tortor auctor diam dui Curae magnis lorem condimentum Vivamus eget Proin tincidunt neque ultrices id hymenaeos Phasellus nonummy risus porta mollis litora lacinia ac convallis in consequat Lorem consectetuer tortor nostra augue varius Integer Donec sociosqu primis porta fringilla Vivamus ornare ridiculus sed nostra
Marvin Whitney,Kim@risus.edu,981-570-8866,Paducah,1746419884,sociis Sed nascetur In vulputate mi gravida nibh rhoncus urna vitae auctor ut ultrices nostra natoque porttitor penatibus natoque Proin purus scelerisque id
Jackson Gay,Jordan@morbi.com,140-839-1229,Spokane,1756091180,fringilla netus imperdiet
Orli Hensley,Ulysses@elit.net,814-619-2182,Racine,1750378080,quis senectus rhoncus conubia in tempus lacinia Proin velit sem vel iaculis nisl pretium Integer Ut hendrerit Quisque elementum elit commodo congue Morbi tellus neque dis ligula tellus velit sodales nascetur malesuada Pellentesque facilisis est mattis tempor
Destiny Kim,Harrison@dignissim.edu,094-725-0047,Cape Coral,1740643186,Vivamus vulputate vel Morbi enim Praesent semper malesuada Quisque ac urna varius Aenean morbi nostra elementum
Kylee Gonzalez,Bryar@nunc.net,725-662-8978,Farrell,1758757363,turpis tempor nisl molestie sodales nisi orci Duis eu et Duis scelerisque dis faucibus lectus mauris sollicitudin facilisi Fusce laoreet mollis imperdiet venenatis vitae conubia sociis auctor interdum interdum sagittis tincidunt venenatis Fusce lacus vehicula fringilla ligula lobortis aliquet rutrum
Imani Dyer,Fatima@ad.com,647-144-4416,Charleston,1763332309,eget orci Proin molestie in libero tincidunt vel elit quis accumsan aptent Lorem feugiat sodales vitae et a Fusce aliquam metus conubia ultrices augue porttitor Integer fringilla Ut tristique risus mus nulla hendrerit nisl eu
Kenneth Barry,Palmer@sit.us,460-822-5177,Hickory,1753765358,parturient commodo sed sit congue dictum parturient nec Nulla Pellentesque sociosqu
Raymond Whitney,Kirby@sagittis.us,713-458-6091,West Sacramento,1739827860,ipsum Donec nascetur inceptos
Giacomo Benjamin,Barclay@vel.com,995-378-1037,Springfield,1740283148,Proin augue non feugiat feugiat lectus Sed Proin convallis ultrices faucibus lacinia ad netus augue est ante magna tristique Morbi luctus ipsum
Kamal Stanley,Shelby@litora.org,957-792-7323,Orange,1741375151,dignissim tortor felis mus Aenean mus viverra eleifend erat nostra blandit nisl Morbi inceptos tristique varius orci nulla laoreet Aliquam
Beverly Rosario,Hashim@penatibus.com,046-027-7742,Costa Mesa,1743060572,augue eget Mauris diam Aenean risus dictum nec lacus montes scelerisque litora netus urna ultricies Morbi hendrerit consequat sem netus dui dui arcu fermentum suscipit erat et consequat neque augue varius fames
Hilary Wolfe,Jessica@conubia.com,912-379-7785,Warren,1761541797,lacus ipsum ipsum Vivamus fermentum Curae dapibus tellus varius aliquam eget Curabitur parturient ullamcorper ut tempor nisl lectus nulla sollicitudin
Felicia Sims,Keelie@dui.us,995-885-9686,New Albany,1753434871,Ut cursus volutpat Duis molestie rutrum Curabitur mollis cubilia vitae ac Phasellus euismod taciti sit eleifend Integer In iaculis eros nonummy Cras magnis Duis Integer netus Proin condimentum amet facilisis facilisi pellentesque ut quis rhoncus
Kiara Castro,Neil@mauris.us,506-738-3201,Fond du Lac,1758197633,sollicitudin ultricies aliquam lacinia metus magnis commodo In aptent sociis Integer venenatis odio faucibus nisl at nonummy sollicitudin molestie leo
Amery Chaney,Ivory@ac.edu,198-411-1606,Darlington,1764632430,quis odio sollicitudin elementum eros eget Curae egestas vestibulum amet Ut euismod inceptos Duis Nunc nonummy conubia sapien leo Nullam pede inceptos justo Praesent dolor rutrum aptent nibh accumsan dictum tincidunt sit mi elit justo ante litora Aenean consectetuer Donec ante adipiscing accumsan urna sodales id metus Mauris Curae natoque
Shelley Burch,Philip@penatibus.org,668-027-6017,Port Washington,1746628875,tristique Lorem metus cubilia In lacus hendrerit fermentum elit porta pharetra Ut consectetuer taciti
Chancellor Galloway,Geraldine@cubilia.edu,541-023-1292,Altoona,1739283099,erat Ut enim ac pretium condimentum inceptos felis nunc aliquam scelerisque sit augue nisi magna pulvinar Praesent tempus in ante pharetra luctus interdum Mauris lacus fermentum litora Nam
Timothy Petersen,Marcia@velit.edu,141-344-4551,Jeffersonville,1763245680,at Quisque per cubilia cubilia tincidunt gravida morbi felis Nullam conubia dui Suspendisse dignissim morbi auctor Praesent egestas ipsum mus aliquet nec ridiculus
Walker Reyes,Shellie@ad.edu,239-937-9034,Falls Church,1747737539,euismod sagittis neque pede velit iaculis semper Fusce eros Proin lorem ultrices a sagittis netus vitae sagittis quam Nulla tempus placerat feugiat convallis at Cum hymenaeos torquent diam Nulla est Vivamus
Libby Cardenas,Tyrone@cubilia.us,286-064-0154,Johnson City,1743573362,lectus Cras Vestibulum quam ultrices nostra arcu vulputate mi Fusce aliquet mattis odio consectetuer elementum Praesent Morbi nec fames nascetur turpis ultricies Quisque enim dapibus iaculis ultricies morbi lectus neque aptent fringilla feugiat tellus
Hammett Pitts,Lani@Sed.org,770-467-1820,Cape May,1762279457,ultricies egestas montes sollicitudin tristique ligula justo posuere felis lorem primis diam ut sociosqu sociosqu Nulla bibendum vitae nisi malesuada tempus feugiat velit purus eros id primis In rutrum vitae ullamcorper tincidunt eleifend sagittis scelerisque quam dapibus felis est sollicitudin eros Suspendisse
Hayes Levine,Anika@ornare.net,646-010-7898,Athens,1753512763,nisi vulputate non condimentum Praesent dui Praesent elit amet turpis aliquam Suspendisse Praesent ornare primis sagittis penatibus dictum morbi faucibus Fusce scelerisque lorem elementum nisi adipiscing mus litora mauris Vivamus scelerisque
Molly Winters,Hector@dui.edu,997-558-5438,Burlington,1761393968,torquent Curae luctus cursus euismod massa mauris habitant enim egestas Nulla senectus suscipit sociosqu dapibus sollicitudin enim id ligula nonummy purus euismod molestie dui ultrices per vel mauris Donec mus quis neque consequat Lorem Nunc Mauris Nam Duis orci erat Sed accumsan fames purus ornare facilisi pretium magna nulla Nunc
Yuli Joyner,Ross@cursus.net,694-330-3298,New Rochelle,1750297162,cubilia sapien dui Class felis Cras aptent leo at mattis dui pellentesque urna adipiscing sit blandit taciti ac tempor parturient urna ultricies libero quam enim sociosqu ipsum Curae sociis fringilla hymenaeos In tempus dapibus per lorem magna litora Nullam mi ante mus porta litora erat odio nisi pellentesque convallis
Aiko Robinson,Lawrence@aliquet.us,533-084-8514,Fitchburg,1753501315,felis metus sociosqu hymenaeos pede vehicula ante erat posuere lectus molestie pharetra mus luctus consequat diam nonummy consectetuer nascetur tempor id
Pandora Baxter,Zeph@mus.org,872-015-1707,Somerville,1744681270,dolor Cras malesuada feugiat magnis tellus Nam egestas massa dui est Aenean primis Aliquam varius ac vel Nunc nec rutrum ac per dapibus porta in pulvinar ad convallis lobortis
Harper Elliott,Knox@tortor.org,322-280-0758,Great Falls,1759326856,primis Nunc taciti sem aliquet Proin pulvinar netus sociis imperdiet natoque sit cursus metus rhoncus mi nisi venenatis auctor natoque nascetur vel Nullam Vivamus sed tellus
Plato Santana,Rama@Aliquam.edu,974-559-1812,Bloomington,1747727926,Cras Cras tortor feugiat lobortis inceptos tortor commodo volutpat amet in elementum aptent mollis blandit condimentum interdum non pretium feugiat viverra lacinia Phasellus elementum laoreet facilisi a molestie Lorem mi justo penatibus fringilla diam quam Vivamus eget pellentesque sit nascetur Nam
Lois Carr,Morgan@consequat.us,815-186-8661,Athens,1758345198,vehicula varius placerat sagittis
Lee Campos,Austin@magna.gov,120-105-2642,Indio,1749147896,Lorem sapien sollicitudin elementum Praesent tempor porttitor risus justo imperdiet
Kirsten Joyner,Sylvia@nisi.us,300-806-3690,Oklahoma City,1753994631,a massa Lorem Mauris semper Proin congue habitant porta molestie volutpat sociis lacus erat blandit Vivamus turpis dui habitant dignissim hymenaeos imperdiet condimentum Aenean Donec purus purus ornare lectus tempus sociis Sed Nullam feugiat mollis velit ultrices erat urna Fusce porta
Allegra Huffman,Gwendolyn@Aliquam.org,741-100-8981,Newcastle,1762343089,lobortis vel Ut vestibulum luctus fringilla
Holmes Moreno,Barry@tortor.org,344-806-6934,Lakewood,1760294598,nonummy justo ipsum magna tempus tempus
Hoyt Puckett,Florence@condimentum.gov,011-504-1599,Hartford,1739176563,Donec Vivamus luctus metus blandit nostra mauris Mauris pellentesque Suspendisse Praesent tempus nonummy augue magnis eros ridiculus euismod lectus imperdiet pellentesque dignissim molestie Curae elit tempor molestie tristique eros tortor Etiam Maecenas justo quam amet vitae eget ridiculus blandit malesuada risus rutrum in orci
Joan Fulton,Isaac@metus.org,045-086-7139,Jersey City,1743326655,Duis Curae velit Duis nisi posuere tristique aliquam lobortis Ut aptent luctus condimentum ridiculus sollicitudin Cras pulvinar parturient commodo quis risus porttitor morbi ac Vivamus penatibus imperdiet ridiculus congue sodales eleifend Vestibulum imperdiet lorem odio Proin Morbi sollicitudin Vestibulum ligula
Fatima Rasmussen,Gareth@sociis.net,750-053-0610,Palos Verdes Estates,1763814423,Suspendisse In vitae consequat Cras pretium Aliquam purus justo eleifend Class malesuada Pellentesque Nam primis elementum a Fusce taciti orci et felis fringilla elit
Willow Blair,Quemby@vestibulum.edu,040-142-4916,Crown Point,1761924816,vitae facilisis tortor sociis sagittis lacus ultricies tempor porta Aenean facilisis aliquet turpis vel dis ad habitant parturient varius sapien Etiam Praesent Donec parturient rutrum laoreet rutrum ornare Suspendisse aptent est Lorem turpis luctus a massa nascetur aliquet aliquam Integer consequat
Simon Stein,Paki@ante.us,863-489-5541,Eau Claire,1740384459,Nam blandit auctor nibh Integer Quisque Nullam inceptos varius nonummy sollicitudin porta ad sapien eleifend
Gage Leach,Jael@sollicitudin.edu,711-259-7922,North Pole,1742839657,at massa sociis augue id porttitor adipiscing mus tortor massa torquent scelerisque iaculis dolor morbi sagittis dolor Class Suspendisse nisl litora
Jolie Walls,Graham@lectus.net,303-912-9471,Newburgh,1745546416,Aliquam tempor a ad senectus Etiam mollis pretium metus erat mattis eu facilisi magnis Nunc sollicitudin Quisque gravida elit
Logan Acevedo,Rosalyn@Vivamus.net,662-788-3943,Miami Beach,1766263314,Vestibulum Ut mollis neque vulputate iaculis ultrices Curabitur risus leo Integer pellentesque sapien dignissim volutpat ultrices habitant Class nisi ipsum Duis laoreet mauris mollis libero euismod Class dui accumsan tortor neque Aenean feugiat neque Suspendisse
Allegra Kline,Gary@dui.us,451-298-0334,Sonoma,1751658248,facilisi varius turpis pellentesque elit tincidunt hendrerit nisi Nulla tortor feugiat netus vehicula mattis placerat elementum volutpat Vivamus Class Integer et sapien Vestibulum quam Maecenas eros primis Suspendisse turpis augue facilisi placerat primis arcu senectus metus Vivamus malesuada metus turpis malesuada litora sociis malesuada turpis
Sean Yates,Alexander@blandit.edu,292-896-5424,Vacaville,1746786065,luctus nonummy Nulla aptent eros montes felis venenatis lectus id dignissim quis Curae Curae Mauris placerat augue adipiscing aptent luctus
Ashely Daugherty,Hector@Proin.com,435-022-7410,Los Alamitos,1747779469,Aliquam inceptos posuere gravida dictum interdum nisi mattis per arcu ridiculus aliquet placerat Sed rutrum id posuere interdum facilisi sodales torquent morbi litora cubilia sagittis augue metus Duis Mauris scelerisque
Winifred Mcleod,Jaden@primis.us,199-399-5870,McAllen,1745580689,natoque nisl sagittis pharetra vel Fusce aliquet purus mattis Duis ligula felis conubia nisi conubia dis eget vestibulum nulla per venenatis Suspendisse In urna per sociis ipsum placerat natoque pede Phasellus cursus Lorem Mauris egestas cursus
Valentine Bennett,Oren@montes.us,254-373-4158,McKeesport,1745647875,ridiculus turpis nibh tincidunt senectus pharetra eros urna rhoncus aliquam euismod Nam suscipit dignissim adipiscing odio Integer sit facilisi lorem porta erat hymenaeos Nullam congue porttitor dapibus natoque felis neque amet bibendum sed sed elit Nam quam quis volutpat lectus conubia lorem Suspendisse
Tana Padilla,Mannix@mollis.gov,034-749-2221,Youngstown,1764596180,aliquet Mauris dapibus Proin fermentum faucibus Aliquam montes rhoncus hendrerit Duis turpis rutrum consectetuer Mauris
Hanae Dyer,May@Curae.com,040-921-4801,Nichols Hills,1747686393,volutpat odio tempus facilisi sodales tellus eu odio nisl Aliquam ligula Pellentesque diam vehicula viverra orci Aenean
Lana Keith,Theodore@Morbi.gov,457-278-8407,Wilmington,1741105609,litora Vestibulum Praesent sociis Maecenas Nullam consequat Morbi pulvinar gravida accumsan netus pulvinar mauris sociis Cum malesuada ad cursus ad mus congue taciti orci elit placerat Curabitur sem tortor Proin Fusce nunc sapien placerat mi cubilia
Irene Sosa,Carson@urna.edu,062-878-1459,Thibodaux,1737382581,nibh egestas ac turpis
Barry Hudson,Ross@Lorem.net,416-499-9996,Bradford,1743933312,condimentum Praesent facilisi id natoque fames id lorem enim consequat turpis Etiam pretium Duis per Curae molestie elit pharetra velit Cum fermentum vestibulum Curae dis Vestibulum erat Ut
Knox Farmer,Nathaniel@nunc.net,593-260-2454,Gilbert,1756761056,varius sociosqu Maecenas orci facilisis mollis ac Maecenas laoreet Mauris fames dapibus rutrum hymenaeos primis nascetur convallis nibh nostra mus convallis Nullam laoreet In varius a orci fames Donec parturient at erat nonummy nostra ante iaculis lectus primis magnis egestas sociis tortor aliquam facilisi Nam ridiculus consequat
Sebastian Burch,Kirk@convallis.us,435-222-3377,Seal Beach,1736404595,nulla commodo at faucibus lacinia ante est at elit elit arcu fringilla bibendum accumsan Class quis rutrum Vivamus nibh pharetra ipsum enim Nam ultricies felis varius sollicitudin mus
Darryl Valdez,Kibo@Maecenas.edu,242-590-8525,Rocky Mount,1760569763,amet pede mus pede lobortis auctor condimentum nibh blandit ultrices vel mi sapien porttitor semper volutpat Curabitur auctor convallis In torquent luctus erat commodo elit Morbi elementum sem elit ullamcorper diam in consectetuer lorem Suspendisse senectus Vestibulum dui lectus a lobortis tellus malesuada Vivamus Mauris tellus molestie hymenaeos Cum
Tanek Price,Emerson@Phasellus.net,332-783-5898,Marshfield,1736440580,blandit primis Phasellus metus ipsum enim porttitor morbi commodo nostra ultrices lorem erat volutpat pharetra Quisque eros blandit fames cursus litora
Veronica Odonnell,Kirestin@ante.us,280-825-8013,Clairton,1743957201,fermentum molestie senectus In amet pellentesque dui Donec quis natoque nisi purus nibh Fusce pede dolor dis molestie sem velit sagittis elit diam senectus dui Nam natoque gravida vestibulum montes suscipit congue elit Nulla
Lacota Hale,Zeus@Duis.net,312-848-3866,Ponce,1765934492,dignissim dapibus felis diam pellentesque purus ad justo dis
Brent Church,Cailin@parturient.gov,389-716-8343,Culver City,1762130411,eget ultrices ipsum Lorem nec volutpat consectetuer odio venenatis orci cubilia interdum nisl vitae consectetuer ipsum iaculis nibh Lorem velit enim imperdiet magna
Jamalia Mckay,Keefe@Lorem.org,362-243-9651,Davis,1744988995,Curabitur purus risus ac natoque sit commodo eu Nullam nascetur ad Suspendisse parturient viverra montes senectus gravida justo turpis magnis luctus mi sapien Fusce placerat accumsan eleifend Vestibulum
Bert Combs,Teagan@adipiscing.org,987-311-3359,Roseville,1749152467,primis Cum sodales porta imperdiet hendrerit tempus mauris elit sociosqu Vivamus euismod vestibulum sociosqu fames ultricies dapibus inceptos turpis Lorem Proin rutrum molestie senectus ornare facilisis Mauris massa Integer eros Quisque pharetra lorem quam at
Marvin Kline,Deirdre@nostra.com,953-752-2232,Catskill,1747147490,augue eleifend urna montes pulvinar Cum taciti sociosqu convallis viverra posuere Sed laoreet dictum Aliquam laoreet ipsum iaculis litora tellus Sed est parturient fames sodales inceptos vehicula Pellentesque rutrum justo aliquam non Nulla sapien luctus torquent aptent Suspendisse sollicitudin Quisque a sed dui natoque
Keith Mcfarland,Jena@hendrerit.gov,677-710-9416,Hermosa Beach,1743077732,vel Cum sollicitudin Fusce gravida feugiat dignissim porttitor volutpat luctus torquent ante justo taciti scelerisque semper mus quam viverra Mauris pharetra eros sapien quis interdum Integer euismod ante egestas dui Nunc faucibus lobortis pulvinar
Amy Salazar,Reagan@Nulla.gov,421-330-1922,Laughlin,1748770704,Phasellus rhoncus aliquet diam faucibus dignissim morbi egestas nec Duis odio bibendum In nulla Class ad et amet mattis ipsum
Lysandra Santiago,Galvin@ultrices.com,548-416-0046,Hartford,1749836009,parturient lobortis orci nostra odio eget aliquet nibh tincidunt pede morbi est lacus arcu in per Curabitur Quisque Quisque gravida porta Duis sem ultrices facilisis consequat porta pede
Ulric Hansen,Jenette@consequat.edu,740-552-2048,Stanton,1739735627,non rhoncus Vestibulum nisl id at sem sociosqu inceptos scelerisque elementum eleifend pellentesque Quisque lobortis Mauris nostra Cum vel
Olympia Nichols,Jesse@eros.us,516-321-5582,Charlotte Amalie,1740836789,nonummy aptent magna Aliquam facilisi facilisi faucibus lobortis iaculis eu Donec nonummy sociis magna faucibus bibendum congue diam erat interdum aptent scelerisque tellus nec ridiculus tincidunt Maecenas et Morbi Phasellus nostra ac tellus libero Aliquam egestas torquent torquent vulputate purus est malesuada arcu mollis lacus diam senectus
Ali Newman,Quinn@enim.gov,366-253-9974,Hagerstown,1751226890,scelerisque Fusce quam nulla odio non
Igor Lamb,Eleanor@ultricies.org,481-833-2095,Reno,1747929824,habitant facilisi Nullam Aliquam molestie ut parturient nunc eleifend inceptos conubia sodales inceptos mi et primis Lorem eros consectetuer tortor parturient sodales
Bert Parsons,Serena@fermentum.net,771-852-2589,Port Arthur,1748445008,nisi vestibulum magnis nostra nulla ultricies
Murphy Pruitt,Brenna@quis.gov,863-299-2533,Manassas Park,1766309809,Sed sit Ut magnis facilisis Class elementum taciti est cubilia Class fames montes Curae aliquet fermentum cubilia tristique molestie ultrices Nunc rutrum in condimentum ad consequat neque purus Cum scelerisque ipsum arcu Etiam lectus sit porta quam est commodo sagittis interdum dis semper Maecenas
Hashim Raymond,Ifeoma@inceptos.gov,812-176-2740,Littleton,1749563668,orci Sed dignissim turpis mauris Duis dictum feugiat per fringilla eget et feugiat Morbi Maecenas penatibus laoreet conubia quam auctor penatibus tortor morbi sodales posuere Class non ornare aliquam metus pellentesque erat nonummy sagittis purus congue morbi magnis dapibus accumsan ante eros
Judith Castaneda,Yeo@Pellentesque.org,055-508-3341,Atlantic City,1765496618,ipsum ultrices quis
Gary Cline,Imani@pretium.edu,039-016-5035,Rosemead,1741609532,Suspendisse ad nunc Proin ultrices dapibus Ut litora arcu Maecenas litora nulla auctor Suspendisse parturient Donec quam
Curran Lawrence,Igor@fermentum.net,840-924-9304,Mayagüez,1754222276,ultrices sollicitudin netus sed nonummy ad pulvinar dis scelerisque Pellentesque Pellentesque sed pellentesque mollis rutrum Etiam Nullam sociis rutrum lacinia eu iaculis inceptos
Dylan Brennan,Vera@malesuada.gov,205-742-5195,Brockton,1746193995,nostra euismod facilisis dapibus sociis Pellentesque orci conubia orci dignissim iaculis placerat ante dis penatibus mi ante ipsum Duis Curabitur
Brody Collier,Yael@habitant.us,039-334-6209,Albuquerque,1750003515,parturient quam commodo inceptos iaculis sagittis Suspendisse aliquet torquent senectus eget ac mus facilisis purus facilisi Pellentesque est nunc eget tempus convallis magna Pellentesque per facilisi aliquet sociosqu Class nibh imperdiet montes Praesent
Inga Booker,Nathaniel@dapibus.org,834-427-0206,Bend,1750389695,pharetra auctor posuere fermentum interdum netus dis Etiam faucibus odio amet penatibus Curabitur massa Cum torquent posuere posuere Cras gravida ultricies mattis nec Fusce libero quis dolor sem faucibus Cum aliquam Class non justo risus cubilia lobortis Sed cursus nunc parturient Duis per sagittis sociosqu Suspendisse imperdiet felis scelerisque Fusce
Lacota Hawkins,Aidan@vulputate.edu,497-384-7069,North Charleston,1737779613,Duis non fames conubia dictum quis pharetra sem Nulla porttitor velit auctor adipiscing ligula pede ac dis convallis pharetra consectetuer Aenean suscipit lobortis dolor Vivamus eget conubia Cum scelerisque augue mauris semper porttitor erat Cum tempor facilisis Mauris netus natoque sapien
Adrian Haynes,Reed@pellentesque.org,642-499-2493,Pendleton,1742976206,ullamcorper conubia Lorem nascetur sodales Aliquam sociis bibendum gravida quis auctor malesuada sem ipsum ultrices tincidunt nibh est rutrum habitant primis enim fermentum ligula senectus diam risus tellus rutrum Vestibulum turpis nulla sodales nonummy dis cubilia per Proin malesuada ultrices id sit Morbi hendrerit volutpat nunc
Griffith Waters,Kenneth@cursus.net,563-829-5002,Plantation,1748526800,consequat tellus tempor commodo Nulla sed senectus malesuada sodales congue orci placerat pede sagittis condimentum purus sociosqu auctor non et Etiam nisi laoreet sit vulputate nulla facilisis Cras libero eros blandit
Amy Ayala,Adena@Curabitur.com,578-454-3761,Simi Valley,1758917538,vestibulum eros interdum Suspendisse est risus eleifend scelerisque ligula morbi lacinia vulputate Curabitur at eget Curae congue magnis per magnis sapien Curae eleifend dignissim ad id nonummy Nunc per arcu Phasellus sagittis interdum non velit urna gravida
Alvin Pittman,Raja@fermentum.gov,851-023-0447,Vicksburg,1746290250,penatibus turpis non elit non sit nascetur montes Nulla dapibus penatibus sem Morbi vulputate fermentum pretium torquent molestie Suspendisse facilisis id bibendum bibendum egestas aliquam lorem fermentum senectus Morbi Integer ullamcorper dui lacus
Alea Garza,Jonah@odio.net,809-116-9103,Nevada City,1764057763,elementum erat adipiscing In non fringilla ut netus senectus ante
Megan Mckay,Calvin@torquent.us,429-648-3255,Bangor,1765486250,risus venenatis a ipsum mi justo hymenaeos faucibus accumsan ornare conubia tristique rutrum justo Sed feugiat mus iaculis Vestibulum justo interdum Aenean at feugiat
Macey Rice,Tyler@Phasellus.gov,359-547-2942,El Paso,1741482871,Lorem facilisi Suspendisse lectus laoreet Aliquam Duis eu nulla egestas lacus netus litora id posuere primis taciti congue torquent primis at mauris eu ornare convallis per adipiscing sapien et massa litora morbi ultricies elementum et vulputate et rutrum at molestie a Pellentesque euismod nonummy dictum hendrerit
Leslie Dillard,Britanney@eros.org,496-195-5620,Vergennes,1744819071,augue congue commodo Proin nostra sociosqu Pellentesque dolor at semper ut elementum pulvinar pharetra risus viverra hendrerit Vivamus placerat diam sagittis tristique mi Phasellus Vivamus mattis posuere augue condimentum faucibus nostra congue molestie nibh vitae vel nulla varius
Aquila Morrow,Noelani@Mauris.us,778-693-1271,Rosemead,1753850223,blandit imperdiet ullamcorper Proin pellentesque habitant fames lacinia euismod purus egestas ac sem Mauris
Reed Dunlap,Cora@fringilla.net,261-444-1358,Mesquite,1740975442,vel fringilla Integer volutpat Lorem facilisis ipsum adipiscing nascetur Phasellus fermentum dolor purus suscipit lobortis euismod pulvinar Class Cum Nullam euismod fringilla sollicitudin libero scelerisque cubilia convallis laoreet condimentum massa volutpat
Juliet Spears,Serina@aliquet.org,509-618-0091,Laguna Niguel,1755575031,gravida pulvinar purus in ullamcorper aliquet Proin ligula turpis inceptos ridiculus eleifend feugiat turpis torquent ultrices
Merritt Pruitt,Paul@mi.us,667-731-6944,San Bernardino,1737819951,dignissim laoreet Class varius accumsan pretium rhoncus tristique Lorem consequat ipsum aliquam nonummy sit senectus viverra eleifend ultrices aliquet ultrices turpis odio est lorem Aliquam vehicula pharetra
Nathaniel Jones,Zachary@lacinia.com,105-625-1930,Malibu,1761196467,vestibulum vestibulum neque ultricies porttitor varius augue magna dictum Proin quam hymenaeos vitae Vivamus Class netus leo suscipit placerat luctus sagittis dignissim malesuada tortor
Farrah Chang,Arsenio@litora.gov,228-986-0399,Cruz Bay,1759788853,Cras sapien velit blandit habitant Ut fringilla enim fames sodales laoreet vitae aliquam scelerisque accumsan montes Nulla fringilla Nullam vestibulum lectus morbi Proin
Solomon Hopper,Len@In.gov,225-679-7286,Rochester,1755572443,Praesent lacus Nunc nunc
Nichole Lawrence,Denton@nisi.edu,608-120-8796,Tacoma,1760952479,pellentesque id sapien Mauris auctor venenatis Nulla accumsan senectus nascetur
Myles Shaffer,Daquan@sagittis.net,809-267-7994,Westfield,1755766471,inceptos nec sodales metus ad pharetra diam nascetur Curabitur mus Suspendisse montes dictum Morbi gravida Mauris magnis ullamcorper Integer netus torquent commodo Etiam nec Sed luctus ipsum facilisi Vestibulum malesuada Lorem Donec senectus purus nonummy tempor pulvinar Cras sollicitudin
Yardley Zamora,Forrest@Ut.org,381-628-2928,Bell Gardens,1754533998,tempus leo torquent tristique nulla porta pede purus
Francis Huffman,Colt@Praesent.org,796-054-0117,Shamokin,1741935404,varius scelerisque posuere luctus hendrerit enim fames felis litora turpis ultrices laoreet Quisque lacus tellus In Phasellus sollicitudin Sed dolor tortor tempor fames Suspendisse bibendum purus tristique neque enim luctus eleifend molestie blandit vulputate Donec Vestibulum accumsan aliquet pretium ad iaculis purus rutrum faucibus In Nullam nonummy
Hayden Mullins,Ian@Nullam.net,052-430-2248,Edmond,1752651705,In Suspendisse Lorem pellentesque Aliquam torquent sem euismod nostra metus gravida mi sociis condimentum Aliquam eget eu Vestibulum Curae vestibulum nibh tellus magna Quisque Mauris lectus cubilia lectus augue natoque rutrum Mauris dui fames tristique pellentesque pellentesque metus mollis posuere urna ac montes
Delilah Randolph,Xantha@nostra.us,247-540-7641,Tuscaloosa,1766290570,montes egestas magnis Vestibulum lectus dui Morbi justo Nulla diam nostra vitae id euismod facilisi dis nulla id mus penatibus
Iliana Sanders,Aspen@eleifend.us,596-042-4170,Reading,1757936552,pretium vitae laoreet Morbi nascetur sit auctor penatibus pede mattis In condimentum gravida Etiam hymenaeos Quisque cursus nisi a fames inceptos commodo sit arcu conubia elementum Ut
Beau Pugh,Cassandra@mi.com,450-361-3624,Nenana,1737444251,pulvinar mattis sem
Liberty White,Constance@Quisque.us,973-709-2923,Overland Park,1758980750,Morbi Duis Quisque ac eu Etiam condimentum ullamcorper elit senectus velit molestie Maecenas Class placerat sapien auctor tortor massa mus diam Praesent enim per Nulla euismod egestas cubilia Ut ante mattis interdum tortor enim nunc ullamcorper tincidunt sociosqu Nullam Nam
Amery Atkins,Shaeleigh@nostra.org,149-895-4357,Sunnyvale,1750995725,a facilisis hendrerit diam torquent augue hymenaeos Vivamus ac lacinia libero scelerisque massa In sapien ornare quam adipiscing rhoncus in senectus eget at Pellentesque dictum mi tempor ut leo In Integer vulputate tristique bibendum vehicula vel taciti torquent rutrum nascetur consectetuer convallis convallis lorem fames
Sade Michael,Desirae@luctus.gov,174-063-5664,La Jolla,1749814357,Maecenas aliquet In pellentesque tempus rutrum luctus habitant netus arcu pharetra nostra
Nita Lindsey,Octavius@Vestibulum.us,387-734-5555,Fairbanks,1754005444,nibh Curae facilisis Vivamus odio natoque Mauris facilisis Nullam nulla diam habitant laoreet
Mohammad Jackson,Tate@Duis.edu,414-183-5616,Calabasas,1751942145,ultrices Proin litora nulla vehicula dis nisl aptent Phasellus mattis litora nisl mauris pharetra a Aliquam primis interdum Etiam Curae senectus habitant Praesent tempus Nulla Phasellus per convallis lacinia dis dapibus a sapien malesuada velit parturient dapibus natoque per in interdum
David Fisher,Graham@sodales.com,413-189-1055,Kent,1736336212,hymenaeos parturient ac posuere sem leo Maecenas inceptos lacinia Sed magna euismod Mauris Proin tincidunt per litora blandit porttitor adipiscing Lorem luctus primis venenatis eleifend nulla magna facilisis magna facilisis blandit aptent tellus id volutpat hendrerit
Desiree Rhodes,Portia@luctus.edu,623-876-1873,Grand Island,1746349806,consectetuer risus Cum congue eget venenatis Morbi vehicula ante nec tempor diam egestas pellentesque vestibulum ornare ridiculus Fusce Phasellus ullamcorper est conubia gravida Curae vitae laoreet lacinia Aenean feugiat orci viverra purus pretium iaculis ad adipiscing ante Integer
Uma Case,Myles@semper.com,818-358-3905,Bessemer,1746266308,cubilia pede In dolor Praesent Mauris Etiam commodo malesuada Fusce
Cheyenne Randolph,Finn@erat.org,213-218-7892,San Fernando,1766918098,mi cursus dictum
Griffin Howard,Gemma@litora.us,541-525-8592,Belpre,1757390179,vestibulum nascetur imperdiet litora viverra congue quis lobortis mauris porttitor et vulputate Quisque primis
Mark Scott,Colby@dui.net,553-684-9238,Owensboro,1742528236,Nunc litora senectus est orci inceptos orci et auctor ipsum dapibus interdum egestas In Phasellus elementum rutrum aptent diam blandit orci Nunc elit libero risus sagittis tortor mauris pretium per commodo netus felis malesuada sociosqu blandit Quisque interdum risus Aenean vehicula magnis imperdiet
Susan Herring,Dustin@congue.com,777-490-6845,Atlanta,1741975599,nunc ac et rutrum odio pellentesque arcu ridiculus amet ut ultricies Integer sagittis Proin nonummy nibh congue magna semper Praesent rutrum dis porta ligula senectus Sed interdum sagittis facilisi faucibus sociosqu erat Fusce faucibus Maecenas tristique tortor vehicula fames ridiculus convallis nunc elit mus sociis Donec tortor aliquet tortor
Armand Juarez,Delilah@In.us,456-444-7730,Layton,1737783291,metus tempus Pellentesque id rhoncus metus parturient cubilia In Etiam volutpat Fusce tincidunt adipiscing Nunc dui diam dignissim laoreet commodo metus sociis nisl arcu suscipit posuere Class pede Phasellus montes nec nostra posuere accumsan tristique mus
Neville Schultz,MacKensie@magna.net,757-034-9037,McAlester,1743514068,Integer amet pretium sit sagittis placerat tempus ligula tempus quis Vestibulum pharetra adipiscing mus quam nulla ut Vivamus dignissim Cum eleifend quis lectus a tortor rutrum Phasellus dui ipsum molestie dignissim egestas elementum at varius nisl scelerisque
Tashya Henry,Xyla@feugiat.us,614-467-8081,Cedar City,1742919564,Cras iaculis diam convallis ultricies luctus Integer dictum condimentum Phasellus sem
Sigourney Wagner,Yetta@pulvinar.edu,394-945-7146,La Crosse,1754152691,ligula Nam Mauris Nunc taciti tortor consequat felis Sed congue leo volutpat Praesent malesuada mattis conubia Nunc libero erat inceptos torquent per Integer Nulla gravida vehicula laoreet penatibus blandit condimentum sit vulputate leo In justo dignissim dis scelerisque Nunc Fusce cubilia In lorem auctor Nullam natoque libero facilisi
Wing Alexander,Amanda@facilisis.net,518-912-1738,Oxnard,1757354424,Integer ultricies turpis Etiam
Anika Rios,Ulla@Vivamus.net,098-735-8622,Dearborn,1761358676,senectus felis sollicitudin venenatis convallis sed felis venenatis accumsan tellus eros
Karly Dalton,Joseph@conubia.net,996-476-9036,San Angelo,1749191499,Nullam Nulla quis tempor morbi pulvinar Lorem sed sociis neque at Maecenas per laoreet sed arcu habitant porttitor aliquet magnis netus varius magnis Etiam mollis montes eget est dapibus varius ipsum
Valentine Bolton,Juliet@nisl.edu,359-535-1559,Charlotte Amalie,1744930075,auctor fringilla Cras penatibus Proin cursus bibendum nulla per habitant lobortis
Nissim Flynn,Finn@mollis.net,017-926-7898,Jamestown,1757365617,diam ultrices cursus nec montes blandit Cras posuere auctor risus et Morbi torquent tristique Cum dignissim scelerisque leo taciti imperdiet bibendum blandit fringilla nibh posuere ridiculus aptent velit cursus sagittis viverra Vivamus montes dis semper hendrerit sociosqu congue quam Aliquam euismod justo Lorem Fusce
Shellie Rush,Francis@lorem.us,464-324-4277,Gadsden,1765234124,fringilla tempor conubia sed non vehicula ullamcorper eu Morbi mi leo odio cursus tellus fermentum odio massa augue pharetra faucibus Cras Aenean Lorem erat montes Fusce leo penatibus purus condimentum velit tempor imperdiet Nunc justo ipsum ante mattis lobortis fringilla primis Pellentesque feugiat senectus ut Fusce dis
Zorita Castillo,Basil@Lorem.gov,264-685-3996,Fairfax,1746731937,pellentesque hendrerit magnis Nam orci Class non faucibus natoque nonummy tincidunt leo mollis bibendum dui ac amet sociis facilisis dis lacus elit diam pharetra
Zahir Avery,Martin@ultrices.edu,415-894-7168,Utica,1754473596,porttitor mattis litora Donec commodo Etiam feugiat ad fames nascetur dictum Praesent libero feugiat Integer Quisque Vestibulum cubilia lacus nulla non Integer inceptos tristique Lorem
